"","FoodWeb_ID","species_richness"
"1","ID_0001",1
"2","ID_0002",1
"3","ID_0003",1
"4","ID_0004",1
"5","ID_0005",12
"6","ID_0007",3
"7","ID_0008",2
"8","ID_0009",1
"9","ID_0010",2
"10","ID_0011",3
"11","ID_0012",3
"12","ID_0013",4
"13","ID_0014",6
"14","ID_0019",17
"15","ID_0022",6
"16","ID_0023",8
"17","ID_0024",3
"18","ID_0025",2
"19","ID_0026",2
"20","ID_0027",5
"21","ID_0028",9
"22","ID_0029",8
"23","ID_0030",9
"24","ID_0031",5
"25","ID_0032",3
"26","ID_0033",3
"27","ID_0034",3
"28","ID_0035",3
"29","ID_0036",2
"30","ID_0037",4
"31","ID_0038",3
"32","ID_0039",3
"33","ID_0040",5
"34","ID_0041",3
"35","ID_0042",1
"36","ID_0043",1
"37","ID_0044",6
"38","ID_0045",11
"39","ID_0046",13
"40","ID_0047",8
"41","ID_0048",4
"42","ID_0049",12
"43","ID_0050",2
"44","ID_0051",9
"45","ID_0052",9
"46","ID_0053",9
"47","ID_0058",10
"48","ID_0064",1
"49","ID_0070",1
"50","ID_0071",1
"51","ID_0075",1
"52","ID_0076",1
"53","ID_0078",1
"54","ID_0079",6
"55","ID_0080",14
"56","ID_0089",7
"57","ID_0090",9
"58","ID_0091",7
"59","ID_0092",3
"60","ID_0093",3
"61","ID_0094",5
"62","ID_0095",6
"63","ID_0096",4
"64","ID_0097",6
"65","ID_0098",6
"66","ID_0099",3
"67","ID_0100",2
"68","ID_0101",2
"69","ID_0102",2
"70","ID_0103",2
"71","ID_0111",1
"72","ID_0112",1
"73","ID_0113",3
"74","ID_0114",3
"75","ID_0115",3
"76","ID_0116",3
"77","ID_0117",3
"78","ID_0118",3
"79","ID_0119",3
"80","ID_0120",3
"81","ID_0121",3
"82","ID_0122",3
"83","ID_0123",3
"84","ID_0124",3
"85","ID_0125",3
"86","ID_0126",3
"87","ID_0127",9
"88","ID_0128",9
"89","ID_0129",9
"90","ID_0130",9
"91","ID_0131",4
"92","ID_0132",4
"93","ID_0133",2
"94","ID_0134",2
"95","ID_0136",8
"96","ID_0137",8
"97","ID_0138",10
"98","ID_0139",7
"99","ID_0142",1
"100","ID_0143",1
"101","ID_0144",1
"102","ID_0145",1
"103","ID_0146",3
"104","ID_0147",2
"105","ID_0148",1
"106","ID_0149",20
"107","ID_0150",7
"108","ID_0152",1
"109","ID_0153",4
"110","ID_0155",1
"111","ID_0156",1
"112","ID_0157",1
"113","ID_0158",1
"114","ID_0159",23
"115","ID_0160",16
"116","ID_0161",15
"117","ID_0162",15
"118","ID_0163",15
"119","ID_0164",15
"120","ID_0165",18
"121","ID_0166",17
"122","ID_0167",1
"123","ID_0168",20
"124","ID_0173",18
"125","ID_0174",18
"126","ID_0175",10
"127","ID_0176",10
"128","ID_0177",14
"129","ID_0178",20
"130","ID_0180",6
"131","ID_0181",8
"132","ID_0182",11
"133","ID_0183",11
"134","ID_0184",2
"135","ID_0185",2
"136","ID_0186",2
"137","ID_0188",2
"138","ID_0190",13
"139","ID_0192",2
"140","ID_0194",14
"141","ID_0195",12
"142","ID_0196",5
"143","ID_0197",6
"144","ID_0198",7
"145","ID_0200",9
"146","ID_0201",4
"147","ID_0202",4
"148","ID_0203",3
"149","ID_0204",1
"150","ID_0205",1
"151","ID_0206",2
"152","ID_0207",6
"153","ID_0208",7
"154","ID_0209",7
"155","ID_0210",1
"156","ID_0211",2
"157","ID_0212",2
"158","ID_0213",2
"159","ID_0214",2
"160","ID_0215",19
"161","ID_0216",2
"162","ID_0217",2
"163","ID_0218",2
"164","ID_0219",2
"165","ID_0220",9
"166","ID_0221",12
"167","ID_0222",3
"168","ID_0223",7
"169","ID_0224",7
"170","ID_0227",2
"171","ID_0228",10
"172","ID_0229",2
"173","ID_0230",2
"174","ID_0231",2
"175","ID_0232",1
"176","ID_0233",1
"177","ID_0235",2
"178","ID_0236",3
"179","ID_0238",1
"180","ID_0239",4
"181","ID_0240",5
"182","ID_0241",3
"183","ID_0243",2
"184","ID_0244",2
"185","ID_0245",1
"186","ID_0246",17
"187","ID_0247",1
"188","ID_0248",2
"189","ID_0249",1
"190","ID_0250",1
"191","ID_0251",7
"192","ID_0252",2
"193","ID_0254",1
"194","ID_0261",14
"195","ID_0262",1
"196","ID_0263",1
"197","ID_0264",1
"198","ID_0265",1
"199","ID_0266",1
"200","ID_0267",1
"201","ID_0268",1
"202","ID_0269",1
"203","ID_0277",1
"204","ID_0278",13
"205","ID_0279",4
"206","ID_0280",3
"207","ID_0281",1
"208","ID_0282",4
"209","ID_0283",7
"210","ID_0284",8
"211","ID_0285",6
"212","ID_0286",4
"213","ID_0287",4
"214","ID_0288",2
"215","ID_0289",3
"216","ID_0290",1
"217","ID_0291",2
"218","ID_0292",2
"219","ID_0293",2
"220","ID_0294",2
"221","ID_0295",2
"222","ID_0296",2
"223","ID_0297",1
"224","ID_0298",3
"225","ID_0299",3
"226","ID_0300",3
"227","ID_0301",2
"228","ID_0302",3
"229","ID_0303",3
"230","ID_0304",2
"231","ID_0305",2
"232","ID_0306",2
"233","ID_0307",5
"234","ID_0308",5
"235","ID_0309",5
"236","ID_0310",4
"237","ID_0311",4
"238","ID_0313",3
"239","ID_0314",2
"240","ID_0315",2
"241","ID_0316",2
"242","ID_0317",2
"243","ID_0318",2
"244","ID_0319",3
"245","ID_0320",3
"246","ID_0322",1
"247","ID_0323",5
"248","ID_0324",5
"249","ID_0325",2
"250","ID_0326",6
"251","ID_0327",10
"252","ID_0328",2
"253","ID_0329",4
"254","ID_0330",2
"255","ID_0331",3
"256","ID_0332",2
"257","ID_0333",2
"258","ID_0334",2
"259","ID_0335",8
"260","ID_0336",7
"261","ID_0337",4
"262","ID_0342",2
"263","ID_0343",1
"264","ID_0344",1
"265","ID_0345",3
"266","ID_0346",2
"267","ID_0347",5
"268","ID_0348",3
"269","ID_0349",1
"270","ID_0352",3
"271","ID_0353",7
"272","ID_0354",4
"273","ID_0355",7
"274","ID_0356",4
"275","ID_0357",7
"276","ID_0358",8
"277","ID_0359",7
"278","ID_0360",5
"279","ID_0361",6
"280","ID_0362",4
"281","ID_0363",7
"282","ID_0364",4
"283","ID_0365",6
"284","ID_0366",4
"285","ID_0367",7
"286","ID_0368",4
"287","ID_0369",5
"288","ID_0370",6
"289","ID_0371",13
"290","ID_0372",9
"291","ID_0373",1
"292","ID_0374",5
"293","ID_0375",5
"294","ID_0376",12
"295","ID_0377",4
"296","ID_0379",6
"297","ID_0380",7
"298","ID_0381",2
"299","ID_0382",2
"300","ID_0383",2
"301","ID_0384",3
"302","ID_0385",3
"303","ID_0386",3
"304","ID_0387",3
"305","ID_0388",3
"306","ID_0389",5
"307","ID_0390",2
"308","ID_0391",2
"309","ID_0392",2
"310","ID_0393",2
"311","ID_0394",1
"312","ID_0395",1
"313","ID_0396",2
"314","ID_0397",2
"315","ID_0398",3
"316","ID_0399",4
"317","ID_0401",1
"318","ID_0402",2
"319","ID_0404",2
"320","ID_0407",1
"321","ID_0408",1
"322","ID_0416",2
"323","ID_0417",6
"324","ID_0420",5
"325","ID_0421",1
"326","ID_0422",11
"327","ID_0423",8
"328","ID_0424",6
"329","ID_0425",4
"330","ID_0426",1
"331","ID_0427",9
"332","ID_0428",5
"333","ID_0429",8
"334","ID_0430",9
"335","ID_0431",5
"336","ID_0432",12
"337","ID_0433",6
"338","ID_0434",4
"339","ID_0435",3
"340","ID_0436",1
"341","ID_0437",2
"342","ID_0438",2
"343","ID_0439",2
"344","ID_0440",2
"345","ID_0441",2
"346","ID_0442",2
"347","ID_0444",4
"348","ID_0448",2
"349","ID_0449",5
"350","ID_0450",5
"351","ID_0451",5
"352","ID_0452",4
"353","ID_0458",2
"354","ID_0459",6
"355","ID_0460",22
"356","ID_0461",3
"357","ID_0462",4
"358","ID_0463",4
"359","ID_0464",5
"360","ID_0465",4
"361","ID_0466",3
"362","ID_0467",1
"363","ID_0468",1
"364","ID_0471",1
"365","ID_0473",3
"366","ID_0474",5
"367","ID_0475",3
"368","ID_0476",2
"369","ID_0478",1
"370","ID_0479",8
"371","ID_0480",4
"372","ID_0481",5
"373","ID_0482",2
"374","ID_0483",2
"375","ID_0484",1
"376","ID_0485",1
"377","ID_0486",6
"378","ID_0491",2
"379","ID_0498",3
"380","ID_0499",2
"381","ID_0500",2
"382","ID_0502",1
"383","ID_0503",1
"384","ID_0504",3
"385","ID_0512",2
"386","ID_0513",2
"387","ID_0514",2
"388","ID_0515",2
"389","ID_0516",2
"390","ID_0517",2
"391","ID_0518",1
"392","ID_0519",4
"393","ID_0521",1
"394","ID_0522",5
"395","ID_0523",3
"396","ID_0527",1
"397","ID_0528",3
"398","ID_0532",2
"399","ID_0534",3
"400","ID_0535",1
"401","ID_0538",2
"402","ID_0540",1
"403","ID_0541",1
"404","ID_0542",2
"405","ID_0543",2
"406","ID_0547",7
"407","ID_0548",5
"408","ID_0549",9
"409","ID_0550",11
"410","ID_0551",7
"411","ID_0552",9
"412","ID_0553",7
"413","ID_0554",8
"414","ID_0555",6
"415","ID_0556",6
"416","ID_0557",10
"417","ID_0558",12
"418","ID_0559",11
"419","ID_0560",12
"420","ID_0561",16
"421","ID_0562",16
"422","ID_0563",6
"423","ID_0565",2
"424","ID_0566",4
"425","ID_0567",4
"426","ID_0568",5
"427","ID_0569",10
"428","ID_0577",23
"429","ID_0578",7
"430","ID_0579",5
"431","ID_0588",3
"432","ID_0589",2
"433","ID_0594",1
"434","ID_0595",1
"435","ID_0598",1
"436","ID_0606",1
"437","ID_0607",1
"438","ID_0608",1
"439","ID_0609",1
"440","ID_0611",1
"441","ID_0612",1
"442","ID_0613",3
"443","ID_0614",3
"444","ID_0615",3
"445","ID_0616",3
"446","ID_0617",3
"447","ID_0618",1
"448","ID_0619",1
"449","ID_0620",2
"450","ID_0621",1
"451","ID_0622",1
"452","ID_0623",1
"453","ID_0624",2
"454","ID_0625",2
"455","ID_0626",2
"456","ID_0627",1
"457","ID_0628",2
"458","ID_0630",5
"459","ID_0631",3
"460","ID_0632",3
"461","ID_0633",4
"462","ID_0634",1
"463","ID_0635",6
"464","ID_0636",7
"465","ID_0637",8
"466","ID_0638",5
"467","ID_0639",6
"468","ID_0640",4
"469","ID_0641",6
"470","ID_0642",7
"471","ID_0643",5
"472","ID_0644",6
"473","ID_0645",4
"474","ID_0646",5
"475","ID_0647",6
"476","ID_0648",13
"477","ID_0649",15
"478","ID_0650",6
"479","ID_0651",6
"480","ID_0652",6
"481","ID_0653",13
"482","ID_0654",3
"483","ID_0655",8
"484","ID_0657",1
"485","ID_0658",3
"486","ID_0660",1
"487","ID_0663",1
"488","ID_0680",1
"489","ID_0689",1
"490","ID_0690",3
"491","ID_0698",1
"492","ID_0699",1
"493","ID_0700",1
"494","ID_0702",1
"495","ID_0703",1
"496","ID_0704",1
"497","ID_0713",1
"498","ID_0714",2
"499","ID_0715",1
"500","ID_0717",1
"501","ID_0718",1
"502","ID_0719",1
"503","ID_0720",1
"504","ID_0721",1
"505","ID_0725",1
"506","ID_0726",1
"507","ID_0727",1
"508","ID_0728",1
"509","ID_0729",1
"510","ID_0730",1
"511","ID_0746",1
"512","ID_0748",1
"513","ID_0751",2
"514","ID_0753",1
"515","ID_0754",1
"516","ID_0755",1
"517","ID_0757",2
"518","ID_0758",2
"519","ID_0759",6
"520","ID_0760",3
"521","ID_0770",1
"522","ID_0771",1
"523","ID_0772",1
"524","ID_0773",3
"525","ID_0774",1
"526","ID_0775",1
"527","ID_0776",1
"528","ID_0777",1
"529","ID_0778",1
"530","ID_0779",1
"531","ID_0780",1
"532","ID_0781",2
"533","ID_0782",1
"534","ID_0783",2
"535","ID_0793",2
"536","ID_0795",1
"537","ID_0796",1
"538","ID_0799",2
"539","ID_0800",2
"540","ID_0803",1
"541","ID_0810",2
"542","ID_0823",3
"543","ID_0824",3
"544","ID_0827",1
"545","ID_0828",3
"546","ID_0829",3
"547","ID_0835",2
"548","ID_0836",2
"549","ID_0837",4
"550","ID_0839",6
"551","ID_0840",3
"552","ID_0841",3
"553","ID_0842",3
"554","ID_0843",3
"555","ID_0844",3
"556","ID_0845",3
"557","ID_0846",3
"558","ID_0847",5
"559","ID_0848",6
"560","ID_0849",16
"561","ID_0850",2
"562","ID_0851",3
"563","ID_0852",3
"564","ID_0853",3
"565","ID_0854",1
"566","ID_0855",1
"567","ID_0856",1
"568","ID_0857",1
"569","ID_0858",1
"570","ID_0859",1
"571","ID_0860",1
"572","ID_0861",2
"573","ID_0863",3
"574","ID_0864",2
"575","ID_0865",1
"576","ID_0866",2
"577","ID_0867",2
"578","ID_0868",2
"579","ID_0876",1
"580","ID_0877",3
"581","ID_0878",1
"582","ID_0880",1
"583","ID_0883",1
"584","ID_0910",1
"585","ID_0912",2
"586","ID_0913",1
"587","ID_0914",1
"588","ID_0915",1
"589","ID_0916",1
"590","ID_0918",1
"591","ID_0919",1
"592","ID_0920",1
"593","ID_0921",1
"594","ID_0922",1
"595","ID_0923",1
"596","ID_0924",1
"597","ID_0925",2
"598","ID_0926",2
"599","ID_0927",3
"600","ID_0928",4
"601","ID_0929",3
"602","ID_0930",4
"603","ID_0931",1
"604","ID_0932",1
"605","ID_0933",1
"606","ID_0934",2
"607","ID_0936",1
"608","ID_0937",1
"609","ID_0938",1
"610","ID_0939",2
"611","ID_0940",1
"612","ID_0941",1
"613","ID_0942",1
"614","ID_0943",1
"615","ID_0944",1
"616","ID_0945",1
"617","ID_0947",1
"618","ID_0948",1
"619","ID_0951",2
"620","ID_0952",1
"621","ID_0953",1
"622","ID_0954",1
"623","ID_0955",1
"624","ID_0956",1
"625","ID_0957",1
"626","ID_0958",1
"627","ID_0962",1
"628","ID_0963",1
"629","ID_0964",1
"630","ID_0966",2
"631","ID_0967",1
"632","ID_0968",1
"633","ID_0969",1
"634","ID_0970",2
"635","ID_0971",1
"636","ID_0972",1
"637","ID_0973",1
"638","ID_0974",1
"639","ID_0975",1
"640","ID_0976",1
"641","ID_0977",1
"642","ID_0978",1
"643","ID_0979",1
"644","ID_0980",2
"645","ID_0982",1
"646","ID_0984",3
"647","ID_0985",2
"648","ID_0986",1
"649","ID_0988",1
"650","ID_0991",1
"651","ID_0992",1
"652","ID_0993",1
"653","ID_0994",1
"654","ID_0996",2
"655","ID_0997",2
"656","ID_0998",2
"657","ID_0999",1
"658","ID_1000",2
"659","ID_1001",2
