"","Scientific_name","location","locationID","FoodWeb_ID","Common_name","d13C","d15N","var_d13C","var_d15N","var_type","N_Sample","Site_name","Ecosystem","Country","Country_ISO","Region","Longitude","Latitude","datasetName","taxonID","eventDate","habitat","occurrenceStatus","establishmentMeans","degreeOfEstablishment","pathway","bibliographicCitation"
"1","Atyaephyra desmarestii","Netherlands",184,"ID_0435","Shrimp",-30.34,15.56,NA,NA,NA,1,"River_WaalRhin_1996-1998","Lotic","Netherlands","NLD","Europe",5.740579,51.766496,"FirstRecords; GRIIS",8020,1915,"brackish; freshwater","present","introduced","established",NA,"Seebens, H. Alien Species First Records Database. Zenodo https://doi.org/10.5281/ZENODO.10039630 (2023) (v. 3.1); Shyama Pagad, Bisset, S. & McGeoch, M. A. Country Compendium of the Global Register of Introduced and Invasive Species. Dataset. Zenodo https://doi.org/10.5281/ZENODO.6348164 (2022)"
"2","Branchiura sowerbyi","Italy",126,"ID_0578","Oligochaeta",-21.06,6.86,0.55,0.19,"SD",NA,"Lake_Trasimeno","Lentic","Italy","ITA","Europe",12.100064,43.133283,"FirstRecords; GRIIS",110,1954,"freshwater","present","introduced","established",NA,"Seebens, H. Alien Species First Records Database. Zenodo https://doi.org/10.5281/ZENODO.10039630 (2023) (v. 3.1); Shyama Pagad, Bisset, S. & McGeoch, M. A. Country Compendium of the Global Register of Introduced and Invasive Species. Dataset. Zenodo https://doi.org/10.5281/ZENODO.6348164 (2022)"
"3","Carettochelys insculpta","Australia",20,"ID_0611","Turtle",-26.14,6.24,1.59,0.23,"SD",2,"Alligator_Rivers_Jabiluka_Billabong","Lotic","Australia","AUS","Oceania",132.874506,-12.461872,"IUCN_Rep",10979,NA,"freshwater; marine; terrestrial","present","native",NA,NA,"IUCN. The IUCN Red List of Threatened Species. https://www.iucnredlist.org (v. 2024-2)"
"4","Ceratophyllum demersum","Brazil",41,"ID_0443","Submerged macrophyte",-28.36,2.09,0.14,0.18,"SD",NA,"Mangueira_Lake","Lentic","Brazil","BRA","South America",-53.13,-33.522778,"GRIIS",26120,NA,"freshwater","present","introduced",NA,NA,"Shyama Pagad, Bisset, S. & McGeoch, M. A. Country Compendium of the Global Register of Introduced and Invasive Species. Dataset. Zenodo https://doi.org/10.5281/ZENODO.6348164 (2022)"
"5","Ceratophyllum demersum","United States of America",256,"ID_0654","Macrophyte",-25.32,1.08,2.58,0.21,"SD",2,"Walsh","Lentic","United States","USA","North America",-121.9284,47.41,"FirstRecords",26120,1838,"freshwater",NA,"introduced","established",NA,"Seebens, H. Alien Species First Records Database. Zenodo https://doi.org/10.5281/ZENODO.10039630 (2023) (v. 3.1)"
"6","Ceratophyllum demersum","United States of America",256,"ID_0844","Coontail macrophyte",-14.76,2.9,1.37,1.13,"SE",NA,"Lake_Auburn_Minnesota_sitenativemacrophytes","Lentic","United States","USA","North America",-93.679719,44.864884,"FirstRecords",26120,1838,"freshwater",NA,"introduced","established",NA,"Seebens, H. Alien Species First Records Database. Zenodo https://doi.org/10.5281/ZENODO.10039630 (2023) (v. 3.1)"
"7","Ceratophyllum demersum","United States of America",256,"ID_0845","Coontail macrophyte",-14.62,-0.52,0,0,"SE",NA,"Lake_Bush_Minnesota","Lentic","United States","USA","North America",-93.384045,44.838634,"FirstRecords",26120,1838,"freshwater",NA,"introduced","established",NA,"Seebens, H. Alien Species First Records Database. Zenodo https://doi.org/10.5281/ZENODO.10039630 (2023) (v. 3.1)"
"8","Chelicorophium curvispinum","Netherlands",184,"ID_0436","Shrimp",-28.08,10.74,1.12,0.9,"SD",18,"River_WaalRhin_2001-2003","Lotic","Netherlands","NLD","Europe",5.740579,51.766496,"FirstRecords; GRIIS",7868,1987,"brackish; freshwater; marine","present","introduced","established",NA,"Seebens, H. Alien Species First Records Database. Zenodo https://doi.org/10.5281/ZENODO.10039630 (2023) (v. 3.1); Shyama Pagad, Bisset, S. & McGeoch, M. A. Country Compendium of the Global Register of Introduced and Invasive Species. Dataset. Zenodo https://doi.org/10.5281/ZENODO.6348164 (2022)"
"9","Chelicorophium curvispinum","Netherlands",184,"ID_0435","Shrimp",-28.54,14.09,NA,NA,NA,1,"River_WaalRhin_1996-1998","Lotic","Netherlands","NLD","Europe",5.740579,51.766496,"FirstRecords; GRIIS",7868,1987,"brackish; freshwater; marine","present","introduced","established",NA,"Seebens, H. Alien Species First Records Database. Zenodo https://doi.org/10.5281/ZENODO.10039630 (2023) (v. 3.1); Shyama Pagad, Bisset, S. & McGeoch, M. A. Country Compendium of the Global Register of Introduced and Invasive Species. Dataset. Zenodo https://doi.org/10.5281/ZENODO.6348164 (2022)"
"10","Cherax destructor","Australia",20,"ID_0025","Crayfish",-24.42,8.03,0.61,1.45,"SD",NA,"Lower_Gwydir_River_Gwydir_Wetlands_New_South_Wales","Lotic","Australia","AUS","Oceania",149.33334,-29.333333,"GIATAR",8048,NA,"freshwater",NA,"native",NA,NA,"Saffer, A. & Worm, T. Global Invasive and Alien Traits and Records (GIATAR) dataset. Zenodo https://doi.org/10.5281/ZENODO.15042321 (2025) (v. 3)"
"11","Cherax destructor","Australia",20,"ID_0025","Crayfish",-24.42,8.03,0.61,1.45,"SD",NA,"Lower_Gwydir_River_Gwydir_Wetlands_New_South_Wales","Lotic","Australia","AUS","Oceania",149.33334,-29.333333,"FirstRecords",8048,1932,"freshwater",NA,"introduced",NA,NA,"Seebens, H. Alien Species First Records Database. Zenodo https://doi.org/10.5281/ZENODO.10039630 (2023) (v. 3.1)"
"12","Cherax destructor","Australia",20,"ID_0065","Crayfish",-20.55,NA,0.05,NA,"SE",2,"ID50_Mayfield_1996","Lotic","Australia","AUS","Oceania",142.73,-25.43,"GIATAR",8048,NA,"freshwater",NA,"native",NA,NA,"Saffer, A. & Worm, T. Global Invasive and Alien Traits and Records (GIATAR) dataset. Zenodo https://doi.org/10.5281/ZENODO.15042321 (2025) (v. 3)"
"13","Cherax destructor","Australia",20,"ID_0065","Crayfish",-20.55,NA,0.05,NA,"SE",2,"ID50_Mayfield_1996","Lotic","Australia","AUS","Oceania",142.73,-25.43,"FirstRecords",8048,1932,"freshwater",NA,"introduced",NA,NA,"Seebens, H. Alien Species First Records Database. Zenodo https://doi.org/10.5281/ZENODO.10039630 (2023) (v. 3.1)"
"14","Cherax destructor","Australia",20,"ID_0073","Crayfish",-21.65,NA,0.35,NA,"SE",2,"ID47*_Kyabra_Creek_1997","Lotic","Australia","AUS","Oceania",143.040998,-25.820908,"GIATAR",8048,NA,"freshwater",NA,"native",NA,NA,"Saffer, A. & Worm, T. Global Invasive and Alien Traits and Records (GIATAR) dataset. Zenodo https://doi.org/10.5281/ZENODO.15042321 (2025) (v. 3)"
"15","Cherax destructor","Australia",20,"ID_0073","Crayfish",-21.65,NA,0.35,NA,"SE",2,"ID47*_Kyabra_Creek_1997","Lotic","Australia","AUS","Oceania",143.040998,-25.820908,"FirstRecords",8048,1932,"freshwater",NA,"introduced",NA,NA,"Seebens, H. Alien Species First Records Database. Zenodo https://doi.org/10.5281/ZENODO.10039630 (2023) (v. 3.1)"
"16","Cherax destructor","Australia",20,"ID_0074","Crayfish",-23.8,NA,0.2,NA,"SE",NA,"ID48_Kyabra_Creek_1997","Lotic","Australia","AUS","Oceania",143.07,-25.875,"GIATAR",8048,NA,"freshwater",NA,"native",NA,NA,"Saffer, A. & Worm, T. Global Invasive and Alien Traits and Records (GIATAR) dataset. Zenodo https://doi.org/10.5281/ZENODO.15042321 (2025) (v. 3)"
"17","Cherax destructor","Australia",20,"ID_0074","Crayfish",-23.8,NA,0.2,NA,"SE",NA,"ID48_Kyabra_Creek_1997","Lotic","Australia","AUS","Oceania",143.07,-25.875,"FirstRecords",8048,1932,"freshwater",NA,"introduced",NA,NA,"Seebens, H. Alien Species First Records Database. Zenodo https://doi.org/10.5281/ZENODO.10039630 (2023) (v. 3.1)"
"18","Cherax destructor","Australia",20,"ID_0066","Crayfish",-19.2,NA,NA,NA,NA,1,"ID51_Mayfield_1996","Lotic","Australia","AUS","Oceania",142.72,-25.44,"GIATAR",8048,NA,"freshwater",NA,"native",NA,NA,"Saffer, A. & Worm, T. Global Invasive and Alien Traits and Records (GIATAR) dataset. Zenodo https://doi.org/10.5281/ZENODO.15042321 (2025) (v. 3)"
"19","Cherax destructor","Australia",20,"ID_0066","Crayfish",-19.2,NA,NA,NA,NA,1,"ID51_Mayfield_1996","Lotic","Australia","AUS","Oceania",142.72,-25.44,"FirstRecords",8048,1932,"freshwater",NA,"introduced",NA,NA,"Seebens, H. Alien Species First Records Database. Zenodo https://doi.org/10.5281/ZENODO.10039630 (2023) (v. 3.1)"
"20","Cherax destructor","Australia",20,"ID_0076","Crayfish",-22.3,NA,0.5,NA,"SE",NA,"ID57_Barcoo-Welford_1997","Lotic","Australia","AUS","Oceania",143.34,-25.18,"GIATAR",8048,NA,"freshwater",NA,"native",NA,NA,"Saffer, A. & Worm, T. Global Invasive and Alien Traits and Records (GIATAR) dataset. Zenodo https://doi.org/10.5281/ZENODO.15042321 (2025) (v. 3)"
"21","Cherax destructor","Australia",20,"ID_0076","Crayfish",-22.3,NA,0.5,NA,"SE",NA,"ID57_Barcoo-Welford_1997","Lotic","Australia","AUS","Oceania",143.34,-25.18,"FirstRecords",8048,1932,"freshwater",NA,"introduced",NA,NA,"Seebens, H. Alien Species First Records Database. Zenodo https://doi.org/10.5281/ZENODO.10039630 (2023) (v. 3.1)"
"22","Cherax destructor","Australia",20,"ID_0075","Crayfish",-23.9,NA,0.5,NA,"SE",NA,"ID56_Barcoo-Welford_1997","Lotic","Australia","AUS","Oceania",143.2,-25.19,"GIATAR",8048,NA,"freshwater",NA,"native",NA,NA,"Saffer, A. & Worm, T. Global Invasive and Alien Traits and Records (GIATAR) dataset. Zenodo https://doi.org/10.5281/ZENODO.15042321 (2025) (v. 3)"
"23","Cherax destructor","Australia",20,"ID_0075","Crayfish",-23.9,NA,0.5,NA,"SE",NA,"ID56_Barcoo-Welford_1997","Lotic","Australia","AUS","Oceania",143.2,-25.19,"FirstRecords",8048,1932,"freshwater",NA,"introduced",NA,NA,"Seebens, H. Alien Species First Records Database. Zenodo https://doi.org/10.5281/ZENODO.10039630 (2023) (v. 3.1)"
"24","Cherax destructor","Australia",20,"ID_0064","Crayfish",-21.05,NA,0.35,NA,"SE",2,"ID49_Mayfield_1996","Lotic","Australia","AUS","Oceania",142.735,-25.42,"GIATAR",8048,NA,"freshwater",NA,"native",NA,NA,"Saffer, A. & Worm, T. Global Invasive and Alien Traits and Records (GIATAR) dataset. Zenodo https://doi.org/10.5281/ZENODO.15042321 (2025) (v. 3)"
"25","Cherax destructor","Australia",20,"ID_0064","Crayfish",-21.05,NA,0.35,NA,"SE",2,"ID49_Mayfield_1996","Lotic","Australia","AUS","Oceania",142.735,-25.42,"FirstRecords",8048,1932,"freshwater",NA,"introduced",NA,NA,"Seebens, H. Alien Species First Records Database. Zenodo https://doi.org/10.5281/ZENODO.10039630 (2023) (v. 3.1)"
"26","Cherax destructor","Australia",20,"ID_0026","Crayfish",-20.75,8.28,0.61,0.6,"SD",NA,"Mehi_River_Gwydir_Wetlands_New_South_Wales","Lotic","Australia","AUS","Oceania",149.5,-29.5833,"GIATAR",8048,NA,"freshwater",NA,"native",NA,NA,"Saffer, A. & Worm, T. Global Invasive and Alien Traits and Records (GIATAR) dataset. Zenodo https://doi.org/10.5281/ZENODO.15042321 (2025) (v. 3)"
"27","Cherax destructor","Australia",20,"ID_0026","Crayfish",-20.75,8.28,0.61,0.6,"SD",NA,"Mehi_River_Gwydir_Wetlands_New_South_Wales","Lotic","Australia","AUS","Oceania",149.5,-29.5833,"FirstRecords",8048,1932,"freshwater",NA,"introduced",NA,NA,"Seebens, H. Alien Species First Records Database. Zenodo https://doi.org/10.5281/ZENODO.10039630 (2023) (v. 3.1)"
"28","Cherax destructor","Australia",20,"ID_0072","Crayfish",-23.1,NA,0.5,NA,"SE",NA,"ID46_Kyabra_Creek_1997","Lotic","Australia","AUS","Oceania",143.05,-25.84,"GIATAR",8048,NA,"freshwater",NA,"native",NA,NA,"Saffer, A. & Worm, T. Global Invasive and Alien Traits and Records (GIATAR) dataset. Zenodo https://doi.org/10.5281/ZENODO.15042321 (2025) (v. 3)"
"29","Cherax destructor","Australia",20,"ID_0072","Crayfish",-23.1,NA,0.5,NA,"SE",NA,"ID46_Kyabra_Creek_1997","Lotic","Australia","AUS","Oceania",143.05,-25.84,"FirstRecords",8048,1932,"freshwater",NA,"introduced",NA,NA,"Seebens, H. Alien Species First Records Database. Zenodo https://doi.org/10.5281/ZENODO.10039630 (2023) (v. 3.1)"
"30","Cheumatopsyche pettiti","Hawaii",255,"ID_0272","Worm",-23.79,7.53,NA,NA,NA,1,"Kapa'a_stream_lower_part","Lotic","United States","USA","North America",-159.363611,22.103611,"FirstRecords",7822,1965,NA,NA,"introduced",NA,NA,"Seebens, H. Alien Species First Records Database. Zenodo https://doi.org/10.5281/ZENODO.10039630 (2023) (v. 3.1)"
"31","Cheumatopsyche pettiti","Hawaii",255,"ID_0273","Worm",-26.88,4.77,NA,NA,NA,1,"Hule?'ia_stream_lower_part_2008","Lotic","United States","USA","North America",-159.3975,21.943056,"FirstRecords",7822,1965,NA,NA,"introduced",NA,NA,"Seebens, H. Alien Species First Records Database. Zenodo https://doi.org/10.5281/ZENODO.10039630 (2023) (v. 3.1)"
"32","Cheumatopsyche pettiti","Hawaii",255,"ID_0275","Worm",-21.74,6.32,NA,NA,NA,1,"Opaeka'a_stream_upper_part_2008","Lotic","United States","USA","North America",-159.370278,22.056667,"FirstRecords",7822,1965,NA,NA,"introduced",NA,NA,"Seebens, H. Alien Species First Records Database. Zenodo https://doi.org/10.5281/ZENODO.10039630 (2023) (v. 3.1)"
"33","Cheumatopsyche pettiti","Hawaii",255,"ID_0274","Worm",-25.59,5.9,NA,NA,NA,1,"Hule?'ia_stream_lower_part_2009","Lotic","United States","USA","North America",-159.3975,21.943056,"FirstRecords",7822,1965,NA,NA,"introduced",NA,NA,"Seebens, H. Alien Species First Records Database. Zenodo https://doi.org/10.5281/ZENODO.10039630 (2023) (v. 3.1)"
"34","Cheumatopsyche pettiti","Hawaii",255,"ID_0271","Worm",-25.91,6.21,NA,NA,NA,1,"Kapa'a_stream_upper_part","Lotic","United States","USA","North America",-159.330278,22.103056,"FirstRecords",7822,1965,NA,NA,"introduced",NA,NA,"Seebens, H. Alien Species First Records Database. Zenodo https://doi.org/10.5281/ZENODO.10039630 (2023) (v. 3.1)"
"35","Corbicula fluminea","Brazil",41,"ID_0814","Bivalve_clam",-23.6,5.3,0.7,1.9,"SD",4,"Nicola_lake_dry_season","Lentic","Brazil","BRA","South America",-52.53061,-32.55477,"GRIIS",13087,NA,"brackish; freshwater","present","introduced",NA,NA,"Shyama Pagad, Bisset, S. & McGeoch, M. A. Country Compendium of the Global Register of Introduced and Invasive Species. Dataset. Zenodo https://doi.org/10.5281/ZENODO.6348164 (2022)"
"36","Corbicula fluminea","China",52,"ID_0311","Bivalve",-28.2,10.9,0.5,0.4,"SD",5,"Lake_Chaohu_sep_2003","Lentic","China","CHN","Asia",117.538376,31.538749,"GIATAR",13087,NA,"brackish; freshwater",NA,"native",NA,NA,"Saffer, A. & Worm, T. Global Invasive and Alien Traits and Records (GIATAR) dataset. Zenodo https://doi.org/10.5281/ZENODO.15042321 (2025) (v. 3)"
"37","Corbicula fluminea","China",52,"ID_0101","Bivalve",-29.33,11.01,0.14,0.22,"SE",59,"Lake_Poyang_dry_season","Lentic","China","CHN","Asia",116.185416,29.71875,"GIATAR",13087,NA,"brackish; freshwater",NA,"native",NA,NA,"Saffer, A. & Worm, T. Global Invasive and Alien Traits and Records (GIATAR) dataset. Zenodo https://doi.org/10.5281/ZENODO.15042321 (2025) (v. 3)"
"38","Corbicula fluminea","China",52,"ID_0153","Bivalve",-24.9,12,0.5,0.6,"SD",3,"Lake_Taihu","Lentic","China","CHN","Asia",120.192,31.246,"GIATAR",13087,NA,"brackish; freshwater",NA,"native",NA,NA,"Saffer, A. & Worm, T. Global Invasive and Alien Traits and Records (GIATAR) dataset. Zenodo https://doi.org/10.5281/ZENODO.15042321 (2025) (v. 3)"
"39","Corbicula fluminea","China",52,"ID_0102","Bivalve",-28.17,10.07,0.23,0.2,"SE",42,"Lake_Poyang_wet_season","Lentic","China","CHN","Asia",116.185416,29.71875,"GIATAR",13087,NA,"brackish; freshwater",NA,"native",NA,NA,"Saffer, A. & Worm, T. Global Invasive and Alien Traits and Records (GIATAR) dataset. Zenodo https://doi.org/10.5281/ZENODO.15042321 (2025) (v. 3)"
"40","Corbicula fluminea","China",52,"ID_0567","Bivalve",-28.2,10.9,0.5,0.4,"SD",5,"Lake_Chaohu","Lentic","China","CHN","Asia",117.557175,31.518489,"GIATAR",13087,NA,"brackish; freshwater",NA,"native",NA,NA,"Saffer, A. & Worm, T. Global Invasive and Alien Traits and Records (GIATAR) dataset. Zenodo https://doi.org/10.5281/ZENODO.15042321 (2025) (v. 3)"
"41","Corbicula fluminea","France",86,"ID_0240","Bivalve",-28.98,14.75,0.1,0.1,"SD",4,"Lac_du_Gouyre_Tarn-et-Garonne","Lentic","France","FRA","Europe",1.6064,44.047222,"FirstRecords; GRIIS",13087,1980,"brackish; freshwater","present","introduced",NA,NA,"Seebens, H. Alien Species First Records Database. Zenodo https://doi.org/10.5281/ZENODO.10039630 (2023) (v. 3.1); Shyama Pagad, Bisset, S. & McGeoch, M. A. Country Compendium of the Global Register of Introduced and Invasive Species. Dataset. Zenodo https://doi.org/10.5281/ZENODO.6348164 (2022)"
"42","Corbicula fluminea","Netherlands",184,"ID_0436","Bivalve",-29.5,9.8,1.16,0.25,"SD",NA,"River_WaalRhin_2001-2003","Lotic","Netherlands","NLD","Europe",5.740579,51.766496,"FirstRecords; GRIIS",13087,1985,"brackish; freshwater","present","introduced","established",NA,"Seebens, H. Alien Species First Records Database. Zenodo https://doi.org/10.5281/ZENODO.10039630 (2023) (v. 3.1); Shyama Pagad, Bisset, S. & McGeoch, M. A. Country Compendium of the Global Register of Introduced and Invasive Species. Dataset. Zenodo https://doi.org/10.5281/ZENODO.6348164 (2022)"
"43","Corbicula fluminea","Netherlands",184,"ID_0436","Bivalve",-30.37,9.86,NA,NA,NA,1,"River_WaalRhin_2001-2003","Lotic","Netherlands","NLD","Europe",5.740579,51.766496,"FirstRecords; GRIIS",13087,1985,"brackish; freshwater","present","introduced","established",NA,"Seebens, H. Alien Species First Records Database. Zenodo https://doi.org/10.5281/ZENODO.10039630 (2023) (v. 3.1); Shyama Pagad, Bisset, S. & McGeoch, M. A. Country Compendium of the Global Register of Introduced and Invasive Species. Dataset. Zenodo https://doi.org/10.5281/ZENODO.6348164 (2022)"
"44","Corbicula fluminea","Netherlands",184,"ID_0435","Bivalve",-29.6,14.48,NA,NA,NA,1,"River_WaalRhin_1996-1998","Lotic","Netherlands","NLD","Europe",5.740579,51.766496,"FirstRecords; GRIIS",13087,1985,"brackish; freshwater","present","introduced","established",NA,"Seebens, H. Alien Species First Records Database. Zenodo https://doi.org/10.5281/ZENODO.10039630 (2023) (v. 3.1); Shyama Pagad, Bisset, S. & McGeoch, M. A. Country Compendium of the Global Register of Introduced and Invasive Species. Dataset. Zenodo https://doi.org/10.5281/ZENODO.6348164 (2022)"
"45","Corbicula fluminea","Panama",191,"ID_0690","Bivalve",-30.16,6.35,0.78,0.24,"SD",3,"Gatun_lake_2013","Lentic","Panama","PAN","South America",-79.944564,9.163344,"GRIIS",13087,NA,"brackish; freshwater","present","introduced",NA,NA,"Shyama Pagad, Bisset, S. & McGeoch, M. A. Country Compendium of the Global Register of Introduced and Invasive Species. Dataset. Zenodo https://doi.org/10.5281/ZENODO.6348164 (2022)"
"46","Corbicula fluminea","Panama",191,"ID_0861","Bivalve",-31.76,5.79,0.88,0.23,"SD",6,"Gatun_lake_2014","Lentic","Panama","PAN","South America",-79.944564,9.163344,"GRIIS",13087,NA,"brackish; freshwater","present","introduced",NA,NA,"Shyama Pagad, Bisset, S. & McGeoch, M. A. Country Compendium of the Global Register of Introduced and Invasive Species. Dataset. Zenodo https://doi.org/10.5281/ZENODO.6348164 (2022)"
"47","Corbicula fluminea","Panama",191,"ID_0864","Bivalve",-31.98,6.65,NA,NA,"SD",1,"Gatun_lake_2018","Lentic","Panama","PAN","South America",-79.944564,9.163344,"GRIIS",13087,NA,"brackish; freshwater","present","introduced",NA,NA,"Shyama Pagad, Bisset, S. & McGeoch, M. A. Country Compendium of the Global Register of Introduced and Invasive Species. Dataset. Zenodo https://doi.org/10.5281/ZENODO.6348164 (2022)"
"48","Corbicula fluminea","Panama",191,"ID_0860","Bivalve",-34.96,3.12,0.11,0.19,"SD",6,"Bayano_lake_2018","Lentic","Panama","PAN","South America",-78.771224,9.149731,"GRIIS",13087,NA,"brackish; freshwater","present","introduced",NA,NA,"Shyama Pagad, Bisset, S. & McGeoch, M. A. Country Compendium of the Global Register of Introduced and Invasive Species. Dataset. Zenodo https://doi.org/10.5281/ZENODO.6348164 (2022)"
"49","Corbicula fluminea","United States of America",256,"ID_0132","Bivalve",-28.87,12.6,0.06,0.1,"SE",NA,"Ohio_River_1994","Lotic","United States","USA","North America",-88.740833,37.1475,"FirstRecords; GRIIS",13087,1904,"brackish; freshwater","present","introduced","established",NA,"Seebens, H. Alien Species First Records Database. Zenodo https://doi.org/10.5281/ZENODO.10039630 (2023) (v. 3.1); Shyama Pagad, Bisset, S. & McGeoch, M. A. Country Compendium of the Global Register of Introduced and Invasive Species. Dataset. Zenodo https://doi.org/10.5281/ZENODO.6348164 (2022)"
"50","Corbicula fluminea","United States of America",256,"ID_0131","Bivalve",-31.14,14.51,0.09,0.15,"SE",NA,"Ohio_River_1993","Lotic","United States","USA","North America",-88.740833,37.1475,"FirstRecords; GRIIS",13087,1904,"brackish; freshwater","present","introduced","established",NA,"Seebens, H. Alien Species First Records Database. Zenodo https://doi.org/10.5281/ZENODO.10039630 (2023) (v. 3.1); Shyama Pagad, Bisset, S. & McGeoch, M. A. Country Compendium of the Global Register of Introduced and Invasive Species. Dataset. Zenodo https://doi.org/10.5281/ZENODO.6348164 (2022)"
"51","Cordylophora caspia","Netherlands",184,"ID_0436","Hydroid",-28.84,9.28,0.22,0.27,"SD",NA,"River_WaalRhin_2001-2003","Lotic","Netherlands","NLD","Europe",5.740579,51.766496,"FirstRecords; GRIIS",12681,1884,"brackish; freshwater","present","introduced","established",NA,"Seebens, H. Alien Species First Records Database. Zenodo https://doi.org/10.5281/ZENODO.10039630 (2023) (v. 3.1); Shyama Pagad, Bisset, S. & McGeoch, M. A. Country Compendium of the Global Register of Introduced and Invasive Species. Dataset. Zenodo https://doi.org/10.5281/ZENODO.6348164 (2022)"
"52","Cordylophora caspia","Netherlands",184,"ID_0435","Hydroid",-28.79,13.61,NA,NA,NA,1,"River_WaalRhin_1996-1998","Lotic","Netherlands","NLD","Europe",5.740579,51.766496,"FirstRecords; GRIIS",12681,1884,"brackish; freshwater","present","introduced","established",NA,"Seebens, H. Alien Species First Records Database. Zenodo https://doi.org/10.5281/ZENODO.10039630 (2023) (v. 3.1); Shyama Pagad, Bisset, S. & McGeoch, M. A. Country Compendium of the Global Register of Introduced and Invasive Species. Dataset. Zenodo https://doi.org/10.5281/ZENODO.6348164 (2022)"
"53","Cyclops kolensis","Russia",208,"ID_0204","Mesozooplankton",-26.27,7.6,0.39,0.58,"SD",NA,"Lake_Baikal__Pelagic_area","Lentic","Russia","RUS","Asia",107.847061,53.149241,"FirstRecords",1084,1960,NA,NA,"introduced","established",NA,"Seebens, H. Alien Species First Records Database. Zenodo https://doi.org/10.5281/ZENODO.10039630 (2023) (v. 3.1)"
"54","Cynodon dactylon","China",52,"ID_0293","Terrestrial plant",-13.19,NA,NA,NA,NA,1,"Hanfeng_lake_of_Xiojiang_river_juillet_2010","Lentic","China","CHN","Asia",108.678896,31.073116,"GIATAR",18733,1979,"terrestrial",NA,"introduced",NA,NA,"Saffer, A. & Worm, T. Global Invasive and Alien Traits and Records (GIATAR) dataset. Zenodo https://doi.org/10.5281/ZENODO.15042321 (2025) (v. 3)"
"55","Cynodon dactylon","South Africa",273,"ID_0513","Bermuda grass",-12.9,10.9,0.7,3.2,"SD",4,"DB2","Lentic","South Africa","ZAF","Africa",25.667781,-33.443604,"GRIIS",18733,NA,"terrestrial","present","introduced",NA,NA,"Shyama Pagad, Bisset, S. & McGeoch, M. A. Country Compendium of the Global Register of Introduced and Invasive Species. Dataset. Zenodo https://doi.org/10.5281/ZENODO.6348164 (2022)"
"56","Cynodon dactylon","South Africa",273,"ID_0512","Bermuda grass",-12.6,5.8,1.3,1.5,"SD",4,"DB1","Lentic","South Africa","ZAF","Africa",25.68251,-33.442499,"GRIIS",18733,NA,"terrestrial","present","introduced",NA,NA,"Shyama Pagad, Bisset, S. & McGeoch, M. A. Country Compendium of the Global Register of Introduced and Invasive Species. Dataset. Zenodo https://doi.org/10.5281/ZENODO.6348164 (2022)"
"57","Cynodon dactylon","Spain",80,"ID_0517","Macrophyte",-14.4,16,0.2,1.2,"SD",3,"Site2_Puente_de_los_Vaqueros","Lotic","Spain","ESP","Europe",-6.073749,37.226697,"GIATAR; GRIIS",18733,1980,"terrestrial","present","introduced",NA,NA,"Saffer, A. & Worm, T. Global Invasive and Alien Traits and Records (GIATAR) dataset. Zenodo https://doi.org/10.5281/ZENODO.15042321 (2025) (v. 3); Shyama Pagad, Bisset, S. & McGeoch, M. A. Country Compendium of the Global Register of Introduced and Invasive Species. Dataset. Zenodo https://doi.org/10.5281/ZENODO.6348164 (2022)"
"58","Cynodon dactylon","Spain",80,"ID_0518","Macrophyte",-16.22,12.6,5.2,0.49,"SD",6,"Site3_Charco_de_la_Boca","Lotic","Spain","ESP","Europe",-6.492431,37.126372,"GIATAR; GRIIS",18733,1980,"terrestrial","present","introduced",NA,NA,"Saffer, A. & Worm, T. Global Invasive and Alien Traits and Records (GIATAR) dataset. Zenodo https://doi.org/10.5281/ZENODO.15042321 (2025) (v. 3); Shyama Pagad, Bisset, S. & McGeoch, M. A. Country Compendium of the Global Register of Introduced and Invasive Species. Dataset. Zenodo https://doi.org/10.5281/ZENODO.6348164 (2022)"
"59","Dreissena bugensis","Canada",48,"ID_0203","Bivalve_Dreissenid",-22.42,8.34,0.35,0.14,"SE",3,"Lake_Ontario_Waupoos_site_Fall","Lentic","Canada","CAN","North America",-77.998,44.001,"FirstRecords; GRIIS",12921,1995,"brackish; freshwater","present","introduced",NA,NA,"Seebens, H. Alien Species First Records Database. Zenodo https://doi.org/10.5281/ZENODO.10039630 (2023) (v. 3.1); Shyama Pagad, Bisset, S. & McGeoch, M. A. Country Compendium of the Global Register of Introduced and Invasive Species. Dataset. Zenodo https://doi.org/10.5281/ZENODO.6348164 (2022)"
"60","Dreissena bugensis","Canada",48,"ID_0005","Quagga mussel",-22.7,9.8,NA,NA,NA,18,"Lake_Erie_Eastern_basin","Lentic","Canada","CAN","North America",-79.982269,42.792617,"FirstRecords; GRIIS",12921,1995,"brackish; freshwater","present","introduced",NA,NA,"Seebens, H. Alien Species First Records Database. Zenodo https://doi.org/10.5281/ZENODO.10039630 (2023) (v. 3.1); Shyama Pagad, Bisset, S. & McGeoch, M. A. Country Compendium of the Global Register of Introduced and Invasive Species. Dataset. Zenodo https://doi.org/10.5281/ZENODO.6348164 (2022)"
"61","Dreissena bugensis","Canada",48,"ID_0201","Bivalve_mussel",-21.75,7.8,NA,NA,NA,1,"Lake_Ontario_Waupoos_site_Spring","Lentic","Canada","CAN","North America",-77.998,44.001,"FirstRecords; GRIIS",12921,1995,"brackish; freshwater","present","introduced",NA,NA,"Seebens, H. Alien Species First Records Database. Zenodo https://doi.org/10.5281/ZENODO.10039630 (2023) (v. 3.1); Shyama Pagad, Bisset, S. & McGeoch, M. A. Country Compendium of the Global Register of Introduced and Invasive Species. Dataset. Zenodo https://doi.org/10.5281/ZENODO.6348164 (2022)"
"62","Dreissena bugensis","Canada",48,"ID_0202","Bivalve_mussel",-23.64,7.97,0.33,0.45,"SE",2,"Lake_Ontario_Waupoos_site_Summer","Lentic","Canada","CAN","North America",-77.998,44.001,"FirstRecords; GRIIS",12921,1995,"brackish; freshwater","present","introduced",NA,NA,"Seebens, H. Alien Species First Records Database. Zenodo https://doi.org/10.5281/ZENODO.10039630 (2023) (v. 3.1); Shyama Pagad, Bisset, S. & McGeoch, M. A. Country Compendium of the Global Register of Introduced and Invasive Species. Dataset. Zenodo https://doi.org/10.5281/ZENODO.6348164 (2022)"
"63","Dreissena polymorpha","Canada",48,"ID_0569","Zebra mussel",-22,8.9,0.08,0.1,"SD",NA,"Upper_Niagara_River","Lotic","United States","USA","North America",-78.943416,42.956704,"FirstRecords; GRIIS",12922,1986,"brackish; freshwater","present","introduced",NA,NA,"Seebens, H. Alien Species First Records Database. Zenodo https://doi.org/10.5281/ZENODO.10039630 (2023) (v. 3.1); Shyama Pagad, Bisset, S. & McGeoch, M. A. Country Compendium of the Global Register of Introduced and Invasive Species. Dataset. Zenodo https://doi.org/10.5281/ZENODO.6348164 (2022)"
"64","Dreissena polymorpha","Netherlands",184,"ID_0435","Bivalve_Zebra mussel",-29.51,13.78,NA,NA,NA,1,"River_WaalRhin_1996-1998","Lotic","Netherlands","NLD","Europe",5.740579,51.766496,"FirstRecords; GRIIS",12922,1826,"brackish; freshwater","present","introduced",NA,NA,"Seebens, H. Alien Species First Records Database. Zenodo https://doi.org/10.5281/ZENODO.10039630 (2023) (v. 3.1); Shyama Pagad, Bisset, S. & McGeoch, M. A. Country Compendium of the Global Register of Introduced and Invasive Species. Dataset. Zenodo https://doi.org/10.5281/ZENODO.6348164 (2022)"
"65","Dreissena polymorpha","Netherlands",184,"ID_0436","Bivalve_mussel",-28.81,9.68,1.73,0.78,"SD",44,"River_WaalRhin_2001-2003","Lotic","Netherlands","NLD","Europe",5.740579,51.766496,"FirstRecords; GRIIS",12922,1826,"brackish; freshwater","present","introduced",NA,NA,"Seebens, H. Alien Species First Records Database. Zenodo https://doi.org/10.5281/ZENODO.10039630 (2023) (v. 3.1); Shyama Pagad, Bisset, S. & McGeoch, M. A. Country Compendium of the Global Register of Introduced and Invasive Species. Dataset. Zenodo https://doi.org/10.5281/ZENODO.6348164 (2022)"
"66","Dreissena polymorpha","United States of America",256,"ID_0137","Bivalve_Zebra mussel",-29.76,9.64,0.26,0.06,"SE",NA,"Reach_13_Upper_Mississippi_River_Summer_1999","Lotic","United States","USA","North America",-90.205278,42.146111,"FirstRecords; GRIIS",12922,1619,"brackish; freshwater","present","introduced",NA,NA,"Seebens, H. Alien Species First Records Database. Zenodo https://doi.org/10.5281/ZENODO.10039630 (2023) (v. 3.1); Shyama Pagad, Bisset, S. & McGeoch, M. A. Country Compendium of the Global Register of Introduced and Invasive Species. Dataset. Zenodo https://doi.org/10.5281/ZENODO.6348164 (2022)"
"67","Dreissena polymorpha","United States of America",256,"ID_0139","Bivalve Zebra mussel",-27.86,11.34,0.17,0.42,"SE",NA,"Reach_26_Upper_Mississippi_River_Summer_1999","Lotic","United States","USA","North America",-90.500556,38.923889,"FirstRecords; GRIIS",12922,1619,"brackish; freshwater","present","introduced",NA,NA,"Seebens, H. Alien Species First Records Database. Zenodo https://doi.org/10.5281/ZENODO.10039630 (2023) (v. 3.1); Shyama Pagad, Bisset, S. & McGeoch, M. A. Country Compendium of the Global Register of Introduced and Invasive Species. Dataset. Zenodo https://doi.org/10.5281/ZENODO.6348164 (2022)"
"68","Dreissena polymorpha","United States of America",256,"ID_0127","Bivalve_mussel",-30.16,12.5,1.06,0.56,"SE",NA,"Upper_Mississippi_River_1993","Lotic","United States","USA","North America",-89.467583,37.216472,"FirstRecords; GRIIS",12922,1619,"brackish; freshwater","present","introduced",NA,NA,"Seebens, H. Alien Species First Records Database. Zenodo https://doi.org/10.5281/ZENODO.10039630 (2023) (v. 3.1); Shyama Pagad, Bisset, S. & McGeoch, M. A. Country Compendium of the Global Register of Introduced and Invasive Species. Dataset. Zenodo https://doi.org/10.5281/ZENODO.6348164 (2022)"
"69","Dreissena polymorpha","United States of America",256,"ID_0128","Bivalve_mussel",-29.47,15.75,0.16,0.32,"SE",NA,"Upper_Mississippi_River_1994","Lotic","United States","USA","North America",-89.467583,37.216472,"FirstRecords; GRIIS",12922,1619,"brackish; freshwater","present","introduced",NA,NA,"Seebens, H. Alien Species First Records Database. Zenodo https://doi.org/10.5281/ZENODO.10039630 (2023) (v. 3.1); Shyama Pagad, Bisset, S. & McGeoch, M. A. Country Compendium of the Global Register of Introduced and Invasive Species. Dataset. Zenodo https://doi.org/10.5281/ZENODO.6348164 (2022)"
"70","Eriocheir sinensis","China",52,"ID_0153","Chinese mittencrab",-22.3,10.3,NA,NA,NA,1,"Lake_Taihu","Lentic","China","CHN","Asia",120.192,31.246,"GIATAR",8063,NA,"brackish; freshwater; marine",NA,"native",NA,NA,"Saffer, A. & Worm, T. Global Invasive and Alien Traits and Records (GIATAR) dataset. Zenodo https://doi.org/10.5281/ZENODO.15042321 (2025) (v. 3)"
"71","Eriocheir sinensis","China",52,"ID_0504","Chinese mittencrab",-27.12,16,0.18,0.15,"SD",NA,"Lake_Dianshnan","Lentic","China","CHN","Asia",120.965523,31.107033,"GIATAR",8063,NA,"brackish; freshwater; marine",NA,"native",NA,NA,"Saffer, A. & Worm, T. Global Invasive and Alien Traits and Records (GIATAR) dataset. Zenodo https://doi.org/10.5281/ZENODO.15042321 (2025) (v. 3)"
"72","Eriocheir sinensis","Netherlands",184,"ID_0435","Chinese mittencrab",-28.26,16.16,NA,NA,NA,1,"River_WaalRhin_1996-1998","Lotic","Netherlands","NLD","Europe",5.740579,51.766496,"FirstRecords; GRIIS",8063,1927,"brackish; freshwater; marine","present","introduced","established",NA,"Seebens, H. Alien Species First Records Database. Zenodo https://doi.org/10.5281/ZENODO.10039630 (2023) (v. 3.1); Shyama Pagad, Bisset, S. & McGeoch, M. A. Country Compendium of the Global Register of Introduced and Invasive Species. Dataset. Zenodo https://doi.org/10.5281/ZENODO.6348164 (2022)"
"73","Eriocheir sinensis","Netherlands",184,"ID_0436","Chinese mittencrab",-27.03,14.55,0.89,0.49,"SD",18,"River_WaalRhin_2001-2003","Lotic","Netherlands","NLD","Europe",5.740579,51.766496,"FirstRecords; GRIIS",8063,1927,"brackish; freshwater; marine","present","introduced","established",NA,"Seebens, H. Alien Species First Records Database. Zenodo https://doi.org/10.5281/ZENODO.10039630 (2023) (v. 3.1); Shyama Pagad, Bisset, S. & McGeoch, M. A. Country Compendium of the Global Register of Introduced and Invasive Species. Dataset. Zenodo https://doi.org/10.5281/ZENODO.6348164 (2022)"
"74","Gammarus fasciatus","Canada",48,"ID_0005","Gammarid",-16.8,9.1,NA,NA,NA,5,"Lake_Erie_Eastern_basin","Lentic","Canada","CAN","North America",-79.982269,42.792617,"FirstRecords",7899,1940,"brackish; freshwater",NA,"introduced",NA,NA,"Seebens, H. Alien Species First Records Database. Zenodo https://doi.org/10.5281/ZENODO.10039630 (2023) (v. 3.1)"
"75","Gammarus pulex","United Kingdom",91,"ID_0392","Gammarid",-31.3,11.8,1.2,1,"SD",NA,"Wroxham_Broad","Lentic","United Kingdom","GBR","Europe",1.417379,52.699586,"FirstRecords",7902,1958,"freshwater",NA,"introduced","established",NA,"Seebens, H. Alien Species First Records Database. Zenodo https://doi.org/10.5281/ZENODO.10039630 (2023) (v. 3.1)"
"76","Gammarus pulex","United Kingdom",91,"ID_0393","Gammarid",-32.9,13.7,1.2,0.8,"SD",NA,"Salhouse_Broad","Lentic","United Kingdom","GBR","Europe",1.429378,52.689559,"FirstRecords",7902,1958,"freshwater",NA,"introduced","established",NA,"Seebens, H. Alien Species First Records Database. Zenodo https://doi.org/10.5281/ZENODO.10039630 (2023) (v. 3.1)"
"77","Gammarus pulex","United Kingdom",91,"ID_0587","Gammarid",-30.31,15.32,1.16,1.6,"SD",6,"River_Lee_Carthagena_Lock","Lotic","United Kingdom","GBR","Europe",-0.016882,51.710046,"FirstRecords",7902,1958,"freshwater",NA,"introduced","established",NA,"Seebens, H. Alien Species First Records Database. Zenodo https://doi.org/10.5281/ZENODO.10039630 (2023) (v. 3.1)"
"78","Gammarus pulex","United Kingdom",91,"ID_0395","Gammarid",-30.9,12,0.6,0.7,"SD",NA,"Malthouse_Broad","Lentic","United Kingdom","GBR","Europe",1.489584,52.67927,"FirstRecords",7902,1958,"freshwater",NA,"introduced","established",NA,"Seebens, H. Alien Species First Records Database. Zenodo https://doi.org/10.5281/ZENODO.10039630 (2023) (v. 3.1)"
"79","Gammarus pulex","United Kingdom",91,"ID_0394","Gammarid",-30.2,13.6,0.4,0.6,"SD",NA,"Ranworth_Broad","Lentic","United Kingdom","GBR","Europe",1.483662,52.684734,"FirstRecords",7902,1958,"freshwater",NA,"introduced","established",NA,"Seebens, H. Alien Species First Records Database. Zenodo https://doi.org/10.5281/ZENODO.10039630 (2023) (v. 3.1)"
"80","Gammarus pulex","United Kingdom",91,"ID_0391","Gammarid",-29.7,12.7,0.9,0.8,"SD",NA,"Cockshoot_broad","Lentic","United Kingdom","GBR","Europe",1.467226,52.687465,"FirstRecords",7902,1958,"freshwater",NA,"introduced","established",NA,"Seebens, H. Alien Species First Records Database. Zenodo https://doi.org/10.5281/ZENODO.10039630 (2023) (v. 3.1)"
"81","Gammarus pulex","United Kingdom",91,"ID_0390","Gammarid",-32.3,19.2,0.5,0.6,"SD",NA,"Cromes_Broad","Lentic","United Kingdom","GBR","Europe",1.514329,52.722726,"FirstRecords",7902,1958,"freshwater",NA,"introduced","established",NA,"Seebens, H. Alien Species First Records Database. Zenodo https://doi.org/10.5281/ZENODO.10039630 (2023) (v. 3.1)"
"82","Gammarus tigrinus","Netherlands",184,"ID_0436","Gammarid",-26.63,10.48,0.43,0.65,"SD",NA,"River_WaalRhin_2001-2003","Lotic","Netherlands","NLD","Europe",5.740579,51.766496,"FirstRecords; GRIIS",7904,1960,"brackish","present","introduced","established",NA,"Seebens, H. Alien Species First Records Database. Zenodo https://doi.org/10.5281/ZENODO.10039630 (2023) (v. 3.1); Shyama Pagad, Bisset, S. & McGeoch, M. A. Country Compendium of the Global Register of Introduced and Invasive Species. Dataset. Zenodo https://doi.org/10.5281/ZENODO.6348164 (2022)"
"83","Gammarus tigrinus","Netherlands",184,"ID_0435","Gammarid",-29.52,14.33,1.81,3.23,"SD",NA,"River_WaalRhin_1996-1998","Lotic","Netherlands","NLD","Europe",5.740579,51.766496,"FirstRecords; GRIIS",7904,1960,"brackish","present","introduced","established",NA,"Seebens, H. Alien Species First Records Database. Zenodo https://doi.org/10.5281/ZENODO.10039630 (2023) (v. 3.1); Shyama Pagad, Bisset, S. & McGeoch, M. A. Country Compendium of the Global Register of Introduced and Invasive Species. Dataset. Zenodo https://doi.org/10.5281/ZENODO.6348164 (2022)"
"84","Hypania invalida","Netherlands",184,"ID_0436","Worm",-26.4,9.38,NA,NA,NA,1,"River_WaalRhin_2001-2003","Lotic","Netherlands","NLD","Europe",5.740579,51.766496,"GRIIS",381,NA,"brackish; freshwater","present","introduced",NA,NA,"Shyama Pagad, Bisset, S. & McGeoch, M. A. Country Compendium of the Global Register of Introduced and Invasive Species. Dataset. Zenodo https://doi.org/10.5281/ZENODO.6348164 (2022)"
"85","Jaera istri","Netherlands",184,"ID_0436","Isopod",-26.68,10.88,0.48,0.83,"SD",15,"River_WaalRhin_2001-2003","Lotic","Netherlands","NLD","Europe",5.740579,51.766496,"GRIIS",8301,NA,"marine","present","introduced",NA,NA,"Shyama Pagad, Bisset, S. & McGeoch, M. A. Country Compendium of the Global Register of Introduced and Invasive Species. Dataset. Zenodo https://doi.org/10.5281/ZENODO.6348164 (2022)"
"86","Macrobrachium lar","Hawaii",255,"ID_0272","Shrimp",-21.61,9.39,0.75,1.57,"SD",3,"Kapa'a_stream_lower_part","Lotic","United States","USA","North America",-159.363611,22.103611,"FirstRecords",8117,1956,NA,NA,"introduced",NA,NA,"Seebens, H. Alien Species First Records Database. Zenodo https://doi.org/10.5281/ZENODO.10039630 (2023) (v. 3.1)"
"87","Macrobrachium lar","Hawaii",255,"ID_0274","Shrimp",-22.95,9.09,NA,NA,NA,1,"Hule?'ia_stream_lower_part_2009","Lotic","United States","USA","North America",-159.3975,21.943056,"FirstRecords",8117,1956,NA,NA,"introduced",NA,NA,"Seebens, H. Alien Species First Records Database. Zenodo https://doi.org/10.5281/ZENODO.10039630 (2023) (v. 3.1)"
"88","Macrobrachium lar","Hawaii",255,"ID_0271","Shrimp",-22.43,9.02,0.37,0.68,"SD",3,"Kapa'a_stream_upper_part","Lotic","United States","USA","North America",-159.330278,22.103056,"FirstRecords",8117,1956,NA,NA,"introduced",NA,NA,"Seebens, H. Alien Species First Records Database. Zenodo https://doi.org/10.5281/ZENODO.10039630 (2023) (v. 3.1)"
"89","Macrobrachium lar","Hawaii",255,"ID_0275","Shrimp",-24.28,10.97,0.31,1.04,"SD",3,"Opaeka'a_stream_upper_part_2008","Lotic","United States","USA","North America",-159.370278,22.056667,"FirstRecords",8117,1956,NA,NA,"introduced",NA,NA,"Seebens, H. Alien Species First Records Database. Zenodo https://doi.org/10.5281/ZENODO.10039630 (2023) (v. 3.1)"
"90","Macrobrachium lar","Hawaii",255,"ID_0276","Shrimp",-24.93,9.78,0.67,0.89,"SD",5,"Opaeka'a_stream_upper_part_2009","Lotic","United States","USA","North America",-159.370278,22.056667,"FirstRecords",8117,1956,NA,NA,"introduced",NA,NA,"Seebens, H. Alien Species First Records Database. Zenodo https://doi.org/10.5281/ZENODO.10039630 (2023) (v. 3.1)"
"91","Macrobrachium nipponense","China",52,"ID_0839","Shrimp",-22.82,9.76,1.32,0,"SD",NA,"Lake_Wuli_restored_part_Lake_Taihu","Lentic","China","CHN","Asia",120.349668,31.428779,"FirstRecords",8119,1981,"freshwater",NA,"introduced","established",NA,"Seebens, H. Alien Species First Records Database. Zenodo https://doi.org/10.5281/ZENODO.10039630 (2023) (v. 3.1)"
"92","Macrobrachium nipponense","China",52,"ID_0500","Shrimp",-28.16,9.58,0.59,1.18,"SD",50,"Huangshui_River_ZoneG","Lotic","China","CHN","Asia",111.035,29.645278,"FirstRecords",8119,1981,"freshwater",NA,"introduced","established",NA,"Seebens, H. Alien Species First Records Database. Zenodo https://doi.org/10.5281/ZENODO.10039630 (2023) (v. 3.1)"
"93","Macrobrachium nipponense","China",52,"ID_0459","Shrimp",-22.69,9.86,1.53,1.73,"SD",21,"Three_Gorges_Reservoir","Lentic","China","CHN","Asia",106.555183,29.543405,"FirstRecords",8119,1981,"freshwater",NA,"introduced","established",NA,"Seebens, H. Alien Species First Records Database. Zenodo https://doi.org/10.5281/ZENODO.10039630 (2023) (v. 3.1)"
"94","Macrobrachium nipponense","China",52,"ID_0153","Shrimp",-22.4,12.5,0.2,0.4,"SD",3,"Lake_Taihu","Lentic","China","CHN","Asia",120.192,31.246,"FirstRecords",8119,1981,"freshwater",NA,"introduced","established",NA,"Seebens, H. Alien Species First Records Database. Zenodo https://doi.org/10.5281/ZENODO.10039630 (2023) (v. 3.1)"
"95","Melanoides tuberculata","Guadeloupe",97,"ID_0021","Gastropod",-17.5,7,0.5,0.1,"SD",2,"River_Grande-Anse","Lotic","Guadeloupe","GLP","South America",-61.656444,16.031626,"FirstRecords",13693,1979,"freshwater",NA,"introduced",NA,NA,"Seebens, H. Alien Species First Records Database. Zenodo https://doi.org/10.5281/ZENODO.10039630 (2023) (v. 3.1)"
"96","Melanoides tuberculata","Hawaii",255,"ID_0273","Gastropod",-17.46,5.31,4.27,1.32,"SD",3,"Hule?'ia_stream_lower_part_2008","Lotic","United States","USA","North America",-159.3975,21.943056,"FirstRecords",13693,1994,"freshwater",NA,"introduced",NA,NA,"Seebens, H. Alien Species First Records Database. Zenodo https://doi.org/10.5281/ZENODO.10039630 (2023) (v. 3.1)"
"97","Melanoides tuberculata","Hawaii",255,"ID_0275","Gastropod",-23.43,10.34,NA,NA,NA,1,"Opaeka'a_stream_upper_part_2008","Lotic","United States","USA","North America",-159.370278,22.056667,"FirstRecords",13693,1994,"freshwater",NA,"introduced",NA,NA,"Seebens, H. Alien Species First Records Database. Zenodo https://doi.org/10.5281/ZENODO.10039630 (2023) (v. 3.1)"
"98","Melanoides tuberculata","Hawaii",255,"ID_0276","Gastropod",-26.61,7.81,0.4,0.6,"SD",3,"Opaeka'a_stream_upper_part_2009","Lotic","United States","USA","North America",-159.370278,22.056667,"FirstRecords",13693,1994,"freshwater",NA,"introduced",NA,NA,"Seebens, H. Alien Species First Records Database. Zenodo https://doi.org/10.5281/ZENODO.10039630 (2023) (v. 3.1)"
"99","Melanoides tuberculata","Hawaii",255,"ID_0272","Gastropod",-18.19,4.56,0.74,1.43,"SD",3,"Kapa'a_stream_lower_part","Lotic","United States","USA","North America",-159.363611,22.103611,"FirstRecords",13693,1994,"freshwater",NA,"introduced",NA,NA,"Seebens, H. Alien Species First Records Database. Zenodo https://doi.org/10.5281/ZENODO.10039630 (2023) (v. 3.1)"
"100","Melanoides tuberculata","Hawaii",255,"ID_0274","Gastropod",-21.74,5.63,2.64,0.51,"SD",3,"Hule?'ia_stream_lower_part_2009","Lotic","United States","USA","North America",-159.3975,21.943056,"FirstRecords",13693,1994,"freshwater",NA,"introduced",NA,NA,"Seebens, H. Alien Species First Records Database. Zenodo https://doi.org/10.5281/ZENODO.10039630 (2023) (v. 3.1)"
"101","Melanoides tuberculata","Hawaii",255,"ID_0271","Gastropod",-24.15,7.01,0.27,0.81,"SD",3,"Kapa'a_stream_upper_part","Lotic","United States","USA","North America",-159.330278,22.103056,"FirstRecords",13693,1994,"freshwater",NA,"introduced",NA,NA,"Seebens, H. Alien Species First Records Database. Zenodo https://doi.org/10.5281/ZENODO.10039630 (2023) (v. 3.1)"
"102","Melanoides tuberculata","Panama",191,"ID_0863","Gastropod",-18.71,5.5,1.65,0.3,"SD",3,"Gatun_lake_2016","Lentic","Panama","PAN","South America",-79.944564,9.163344,"FirstRecords; GRIIS",13693,1971,"freshwater","present","introduced",NA,NA,"Seebens, H. Alien Species First Records Database. Zenodo https://doi.org/10.5281/ZENODO.10039630 (2023) (v. 3.1); Shyama Pagad, Bisset, S. & McGeoch, M. A. Country Compendium of the Global Register of Introduced and Invasive Species. Dataset. Zenodo https://doi.org/10.5281/ZENODO.6348164 (2022)"
"103","Melanoides tuberculata","Panama",191,"ID_0864","Gastropod",-25.82,7.52,3.29,0.89,"SD",6,"Gatun_lake_2018","Lentic","Panama","PAN","South America",-79.944564,9.163344,"FirstRecords; GRIIS",13693,1971,"freshwater","present","introduced",NA,NA,"Seebens, H. Alien Species First Records Database. Zenodo https://doi.org/10.5281/ZENODO.10039630 (2023) (v. 3.1); Shyama Pagad, Bisset, S. & McGeoch, M. A. Country Compendium of the Global Register of Introduced and Invasive Species. Dataset. Zenodo https://doi.org/10.5281/ZENODO.6348164 (2022)"
"104","Melanoides tuberculata","Panama",191,"ID_0689","Gastropod",-23.57,4.77,1.68,0.3,"SD",3,"Bayano_lake_2013","Lentic","Panama","PAN","South America",-78.771224,9.149731,"FirstRecords; GRIIS",13693,1971,"freshwater","present","introduced",NA,NA,"Seebens, H. Alien Species First Records Database. Zenodo https://doi.org/10.5281/ZENODO.10039630 (2023) (v. 3.1); Shyama Pagad, Bisset, S. & McGeoch, M. A. Country Compendium of the Global Register of Introduced and Invasive Species. Dataset. Zenodo https://doi.org/10.5281/ZENODO.6348164 (2022)"
"105","Melanoides tuberculata","Panama",191,"ID_0861","Gastropod",-19.93,6.48,1.76,0.11,"SD",3,"Gatun_lake_2014","Lentic","Panama","PAN","South America",-79.944564,9.163344,"FirstRecords; GRIIS",13693,1971,"freshwater","present","introduced",NA,NA,"Seebens, H. Alien Species First Records Database. Zenodo https://doi.org/10.5281/ZENODO.10039630 (2023) (v. 3.1); Shyama Pagad, Bisset, S. & McGeoch, M. A. Country Compendium of the Global Register of Introduced and Invasive Species. Dataset. Zenodo https://doi.org/10.5281/ZENODO.6348164 (2022)"
"106","Melanoides tuberculata","Panama",191,"ID_0859","Gastropod",-18.26,2.8,0.78,0.27,"SD",3,"Bayano_lake_2016","Lentic","Panama","PAN","South America",-78.771224,9.149731,"FirstRecords; GRIIS",13693,1971,"freshwater","present","introduced",NA,NA,"Seebens, H. Alien Species First Records Database. Zenodo https://doi.org/10.5281/ZENODO.10039630 (2023) (v. 3.1); Shyama Pagad, Bisset, S. & McGeoch, M. A. Country Compendium of the Global Register of Introduced and Invasive Species. Dataset. Zenodo https://doi.org/10.5281/ZENODO.6348164 (2022)"
"107","Melanoides tuberculata","Panama",191,"ID_0690","Gastropod",-21.63,8.18,3.75,0.83,"SD",6,"Gatun_lake_2013","Lentic","Panama","PAN","South America",-79.944564,9.163344,"FirstRecords; GRIIS",13693,1971,"freshwater","present","introduced",NA,NA,"Seebens, H. Alien Species First Records Database. Zenodo https://doi.org/10.5281/ZENODO.10039630 (2023) (v. 3.1); Shyama Pagad, Bisset, S. & McGeoch, M. A. Country Compendium of the Global Register of Introduced and Invasive Species. Dataset. Zenodo https://doi.org/10.5281/ZENODO.6348164 (2022)"
"108","Melanoides tuberculata","Panama",191,"ID_0862","Gastropod",-21.12,6.39,0.95,0.09,"SD",2,"Gatun_lake_2015","Lentic","Panama","PAN","South America",-79.944564,9.163344,"FirstRecords; GRIIS",13693,1971,"freshwater","present","introduced",NA,NA,"Seebens, H. Alien Species First Records Database. Zenodo https://doi.org/10.5281/ZENODO.10039630 (2023) (v. 3.1); Shyama Pagad, Bisset, S. & McGeoch, M. A. Country Compendium of the Global Register of Introduced and Invasive Species. Dataset. Zenodo https://doi.org/10.5281/ZENODO.6348164 (2022)"
"109","Myriophyllum spicatum","Australia",20,"ID_0925","Aquatic plant",-26.78,2.24,NA,NA,"SD",1,"Brisbane River_01","Lotic","Australia","AUS","Oceania",152.237887,-26.758734,"GRIIS",35790,NA,"freshwater","present","introduced",NA,NA,"Shyama Pagad, Bisset, S. & McGeoch, M. A. Country Compendium of the Global Register of Introduced and Invasive Species. Dataset. Zenodo https://doi.org/10.5281/ZENODO.6348164 (2022)"
"110","Myriophyllum spicatum","Australia",20,"ID_0926","Aquatic plant",-28.61,4.58,NA,NA,"SD",1,"Brisbane River_02","Lotic","Australia","AUS","Oceania",152.270016,-26.787199,"GRIIS",35790,NA,"freshwater","present","introduced",NA,NA,"Shyama Pagad, Bisset, S. & McGeoch, M. A. Country Compendium of the Global Register of Introduced and Invasive Species. Dataset. Zenodo https://doi.org/10.5281/ZENODO.6348164 (2022)"
"111","Myriophyllum spicatum","Australia",20,"ID_0931","Aquatic plant",-23.15,6.92,NA,NA,"SD",1,"Mary River_07","Lotic","Australia","AUS","Oceania",152.71395,-26.727109,"GRIIS",35790,NA,"freshwater","present","introduced",NA,NA,"Shyama Pagad, Bisset, S. & McGeoch, M. A. Country Compendium of the Global Register of Introduced and Invasive Species. Dataset. Zenodo https://doi.org/10.5281/ZENODO.6348164 (2022)"
"112","Neocaridina denticulata","Hawaii",255,"ID_0275","Shrimp",-26.49,9.96,1.74,0.43,"SD",3,"Opaeka'a_stream_upper_part_2008","Lotic","United States","USA","North America",-159.370278,22.056667,"FirstRecords",8145,1991,NA,NA,"introduced",NA,NA,"Seebens, H. Alien Species First Records Database. Zenodo https://doi.org/10.5281/ZENODO.10039630 (2023) (v. 3.1)"
"113","Pacifastacus leniusculus","France",86,"ID_0895","Crayfish",-27.52,9.12,0.62,0.3,"SD",27,"Selune_river_10","Lotic","France","FRA","Europe",-1.094053,48.58195,"FirstRecords; GRIIS",8153,1973,"freshwater","present","introduced","established",NA,"Seebens, H. Alien Species First Records Database. Zenodo https://doi.org/10.5281/ZENODO.10039630 (2023) (v. 3.1); Shyama Pagad, Bisset, S. & McGeoch, M. A. Country Compendium of the Global Register of Introduced and Invasive Species. Dataset. Zenodo https://doi.org/10.5281/ZENODO.6348164 (2022)"
"114","Pacifastacus leniusculus","United Kingdom",91,"ID_0587","Signal Crayfish",-31.88,16.19,1.55,0.79,"SD",29,"River_Lee_Carthagena_Lock","Lotic","United Kingdom","GBR","Europe",-0.016882,51.710046,"FirstRecords; GRIIS",8153,1975,"freshwater","present","introduced",NA,NA,"Seebens, H. Alien Species First Records Database. Zenodo https://doi.org/10.5281/ZENODO.10039630 (2023) (v. 3.1); Shyama Pagad, Bisset, S. & McGeoch, M. A. Country Compendium of the Global Register of Introduced and Invasive Species. Dataset. Zenodo https://doi.org/10.5281/ZENODO.6348164 (2022)"
"115","Pacifastacus leniusculus","United States of America",256,"ID_0655","Crayfish",-25.59,10.12,2.64,1.86,"SD",6,"Wilderness","Lentic","United States","USA","North America",-122.0344,47.3726,"GIATAR",8153,NA,"freshwater",NA,"native",NA,NA,"Saffer, A. & Worm, T. Global Invasive and Alien Traits and Records (GIATAR) dataset. Zenodo https://doi.org/10.5281/ZENODO.15042321 (2025) (v. 3)"
"116","Pacifastacus leniusculus","United States of America",256,"ID_0651","Crayfish",-24.85,9,0.43,0.64,"SD",5,"Pine","Lentic","United States","USA","North America",-122.0448,47.5866,"GIATAR",8153,NA,"freshwater",NA,"native",NA,NA,"Saffer, A. & Worm, T. Global Invasive and Alien Traits and Records (GIATAR) dataset. Zenodo https://doi.org/10.5281/ZENODO.15042321 (2025) (v. 3)"
"117","Pacifastacus leniusculus","United States of America",256,"ID_0637","Crayfish",-28.86,11.91,1.7,0.24,"SD",2,"Cottage","Lentic","United States","USA","North America",-122.0866,47.7539,"GIATAR",8153,NA,"freshwater",NA,"native",NA,NA,"Saffer, A. & Worm, T. Global Invasive and Alien Traits and Records (GIATAR) dataset. Zenodo https://doi.org/10.5281/ZENODO.15042321 (2025) (v. 3)"
"118","Pacifastacus leniusculus","United States of America",256,"ID_0641","Crayfish",-23.14,9.1,2.06,0.8,"SD",10,"Pine","Lentic","United States","USA","North America",-122.0448,47.5866,"GIATAR",8153,NA,"freshwater",NA,"native",NA,NA,"Saffer, A. & Worm, T. Global Invasive and Alien Traits and Records (GIATAR) dataset. Zenodo https://doi.org/10.5281/ZENODO.15042321 (2025) (v. 3)"
"119","Pacifastacus leniusculus","United States of America",256,"ID_0649","Crayfish",-24.17,12.12,1.08,0.45,"SD",2,"Martha1","Lentic","United States","USA","North America",-122.244583,47.851167,"GIATAR",8153,NA,"freshwater",NA,"native",NA,NA,"Saffer, A. & Worm, T. Global Invasive and Alien Traits and Records (GIATAR) dataset. Zenodo https://doi.org/10.5281/ZENODO.15042321 (2025) (v. 3)"
"120","Pacifastacus leniusculus","United States of America",256,"ID_0639","Crayfish",-24.33,12.15,1.53,0.88,"SD",13,"Martha2","Lentic","United States","USA","North America",-122.2446,47.8512,"GIATAR",8153,NA,"freshwater",NA,"native",NA,NA,"Saffer, A. & Worm, T. Global Invasive and Alien Traits and Records (GIATAR) dataset. Zenodo https://doi.org/10.5281/ZENODO.15042321 (2025) (v. 3)"
"121","Pacifastacus leniusculus","United States of America",256,"ID_0645","Crayfish",-28.35,10.92,1.43,0.96,"SD",7,"Wilderness","Lentic","United States","USA","North America",-122.0344,47.3726,"GIATAR",8153,NA,"freshwater",NA,"native",NA,NA,"Saffer, A. & Worm, T. Global Invasive and Alien Traits and Records (GIATAR) dataset. Zenodo https://doi.org/10.5281/ZENODO.15042321 (2025) (v. 3)"
"122","Pacifastacus leniusculus","United States of America",256,"ID_0647","Crayfish",-23.48,7.63,1.42,0.68,"SD",5,"Cascade","Lentic","United States","USA","North America",-122.852,48.6513,"GIATAR",8153,NA,"freshwater",NA,"native",NA,NA,"Saffer, A. & Worm, T. Global Invasive and Alien Traits and Records (GIATAR) dataset. Zenodo https://doi.org/10.5281/ZENODO.15042321 (2025) (v. 3)"
"123","Pacifastacus leniusculus","United States of America",256,"ID_0636","Crayfish",-21.29,10.72,NA,NA,"SD",1,"Angle","Lentic","United States","USA","North America",-122.2883,47.4261,"GIATAR",8153,NA,"freshwater",NA,"native",NA,NA,"Saffer, A. & Worm, T. Global Invasive and Alien Traits and Records (GIATAR) dataset. Zenodo https://doi.org/10.5281/ZENODO.15042321 (2025) (v. 3)"
"124","Pacifastacus leniusculus","United States of America",256,"ID_0644","Crayfish",-22.94,7.07,0.88,0.48,"SD",9,"Steel","Lentic","United States","USA","North America",-122.3029,47.3269,"GIATAR",8153,NA,"freshwater",NA,"native",NA,NA,"Saffer, A. & Worm, T. Global Invasive and Alien Traits and Records (GIATAR) dataset. Zenodo https://doi.org/10.5281/ZENODO.15042321 (2025) (v. 3)"
"125","Pacifastacus leniusculus","United States of America",256,"ID_0648","Crayfish",-28.58,5.11,0.8,0.83,"SD",9,"Fern","Lentic","United States","USA","North America",-122.764515,47.402912,"GIATAR",8153,NA,"freshwater",NA,"native",NA,NA,"Saffer, A. & Worm, T. Global Invasive and Alien Traits and Records (GIATAR) dataset. Zenodo https://doi.org/10.5281/ZENODO.15042321 (2025) (v. 3)"
"126","Pacifastacus leniusculus","United States of America",256,"ID_0642","Crayfish",-24.27,9.24,NA,NA,"SD",1,"Silver","Lentic","United States","USA","North America",-122.212,47.8904,"GIATAR",8153,NA,"freshwater",NA,"native",NA,NA,"Saffer, A. & Worm, T. Global Invasive and Alien Traits and Records (GIATAR) dataset. Zenodo https://doi.org/10.5281/ZENODO.15042321 (2025) (v. 3)"
"127","Pacifastacus leniusculus","United States of America",256,"ID_0652","Crayfish",-22.52,8.38,2.28,0.43,"SD",6,"Shoecraft","Lentic","United States","USA","North America",-122.307073,48.125977,"GIATAR",8153,NA,"freshwater",NA,"native",NA,NA,"Saffer, A. & Worm, T. Global Invasive and Alien Traits and Records (GIATAR) dataset. Zenodo https://doi.org/10.5281/ZENODO.15042321 (2025) (v. 3)"
"128","Pacifastacus leniusculus","United States of America",256,"ID_0638","Crayfish",-27.71,6.54,1.73,1.6,"SD",6,"Killarney","Lentic","United States","USA","North America",-122.2909,47.2867,"GIATAR",8153,NA,"freshwater",NA,"native",NA,NA,"Saffer, A. & Worm, T. Global Invasive and Alien Traits and Records (GIATAR) dataset. Zenodo https://doi.org/10.5281/ZENODO.15042321 (2025) (v. 3)"
"129","Pacifastacus leniusculus","United States of America",256,"ID_0159","Crayfish age0",-17.76,11.32,NA,NA,NA,1,"Lake_Washington_Washington","Lentic","United States","USA","North America",-122.259383,47.6097,"GIATAR",8153,NA,"freshwater",NA,"native",NA,NA,"Saffer, A. & Worm, T. Global Invasive and Alien Traits and Records (GIATAR) dataset. Zenodo https://doi.org/10.5281/ZENODO.15042321 (2025) (v. 3)"
"130","Pacifastacus leniusculus","United States of America",256,"ID_0650","Crayfish",-24.56,6.97,1.1,0.79,"SD",8,"Padden","Lentic","United States","USA","North America",-122.4529,48.7027,"GIATAR",8153,NA,"freshwater",NA,"native",NA,NA,"Saffer, A. & Worm, T. Global Invasive and Alien Traits and Records (GIATAR) dataset. Zenodo https://doi.org/10.5281/ZENODO.15042321 (2025) (v. 3)"
"131","Palea steindachneri","Hawaii",255,"ID_0271","Herptofauna",-20.64,10.46,NA,NA,NA,1,"Kapa'a_stream_upper_part","Lotic","United States","USA","North America",-159.330278,22.103056,"AmphRep; FirstRecords",11012,1802,"freshwater; terrestrial",NA,"introduced",NA,NA,"Capinha, C. et al. Diversity, biogeography and the global flows of alien amphibians and reptiles. Divers. Distrib. 23, 1313–1322 (2017); Seebens, H. Alien Species First Records Database. Zenodo https://doi.org/10.5281/ZENODO.10039630 (2023) (v. 3.1)"
"132","Palea steindachneri","Hawaii",255,"ID_0276","Frog",-20.96,10.99,NA,NA,NA,1,"Opaeka'a_stream_upper_part_2009","Lotic","United States","USA","North America",-159.370278,22.056667,"AmphRep; FirstRecords",11012,1802,"freshwater; terrestrial",NA,"introduced",NA,NA,"Capinha, C. et al. Diversity, biogeography and the global flows of alien amphibians and reptiles. Divers. Distrib. 23, 1313–1322 (2017); Seebens, H. Alien Species First Records Database. Zenodo https://doi.org/10.5281/ZENODO.10039630 (2023) (v. 3.1)"
"133","Pelophylax ridibundus","Iran",122,"ID_0519","Marsh frog",-23.2,8.05,2.16,1.03,"SD",3,"Anzali_Wetland_complex","Both","Iran","IRN","Africa",49.336893,37.477576,"IUCN_Amph",8764,NA,"freshwater; terrestrial","present","native",NA,NA,"IUCN. The IUCN Red List of Threatened Species. https://www.iucnredlist.org (v. 2024-2)"
"134","Physella acuta","Italy",126,"ID_0578","Gastropod",-22.33,7.97,1.13,1.28,"SD",NA,"Lake_Trasimeno","Lentic","Italy","ITA","Europe",12.100064,43.133283,"FirstRecords; GRIIS",13720,1866,"terrestrial","present","introduced","established",NA,"Seebens, H. Alien Species First Records Database. Zenodo https://doi.org/10.5281/ZENODO.10039630 (2023) (v. 3.1); Shyama Pagad, Bisset, S. & McGeoch, M. A. Country Compendium of the Global Register of Introduced and Invasive Species. Dataset. Zenodo https://doi.org/10.5281/ZENODO.6348164 (2022)"
"135","Pistia stratiotes","Brazil",41,"ID_0835","C3 macrophyte root",-29.86,3.06,NA,NA,"SD",1,"Solimões_River_Cabaliana","Lotic","Brazil","BRA","South America",-61,-3.5,"GRIIS",16746,NA,"freshwater","present","introduced",NA,NA,"Shyama Pagad, Bisset, S. & McGeoch, M. A. Country Compendium of the Global Register of Introduced and Invasive Species. Dataset. Zenodo https://doi.org/10.5281/ZENODO.6348164 (2022)"
"136","Pistia stratiotes","Brazil",41,"ID_0836","C3 macrophyte leaf",-29.7,2.09,NA,NA,"SD",1,"Solimões_River_Janauacá","Lotic","Brazil","BRA","South America",-61,-3.5,"GRIIS",16746,NA,"freshwater","present","introduced",NA,NA,"Shyama Pagad, Bisset, S. & McGeoch, M. A. Country Compendium of the Global Register of Introduced and Invasive Species. Dataset. Zenodo https://doi.org/10.5281/ZENODO.6348164 (2022)"
"137","Pistia stratiotes","Brazil",41,"ID_0835","C3 macrophyte leaf",-29.7,2.09,NA,NA,"SD",1,"Solimões_River_Cabaliana","Lotic","Brazil","BRA","South America",-61,-3.5,"GRIIS",16746,NA,"freshwater","present","introduced",NA,NA,"Shyama Pagad, Bisset, S. & McGeoch, M. A. Country Compendium of the Global Register of Introduced and Invasive Species. Dataset. Zenodo https://doi.org/10.5281/ZENODO.6348164 (2022)"
"138","Pistia stratiotes","Brazil",41,"ID_0836","C3 macrophyte root",-29.86,3.06,NA,NA,"SD",1,"Solimões_River_Janauacá","Lotic","Brazil","BRA","South America",-61,-3.5,"GRIIS",16746,NA,"freshwater","present","introduced",NA,NA,"Shyama Pagad, Bisset, S. & McGeoch, M. A. Country Compendium of the Global Register of Introduced and Invasive Species. Dataset. Zenodo https://doi.org/10.5281/ZENODO.6348164 (2022)"
"139","Pistia stratiotes","Brazil",41,"ID_0135","Macrophyte",-27.12,8.58,NA,NA,NA,NA,"Nicola_Lake","Lentic","Brazil","BRA","South America",-52.529053,-3.555053,"GRIIS",16746,NA,"freshwater","present","introduced",NA,NA,"Shyama Pagad, Bisset, S. & McGeoch, M. A. Country Compendium of the Global Register of Introduced and Invasive Species. Dataset. Zenodo https://doi.org/10.5281/ZENODO.6348164 (2022)"
"140","Pomacea canaliculata","China",52,"ID_0292","Gastropod",-22.96,8.05,0.51,0.37,"SE",3,"Hanfeng_lake_D_Control","Lentic","China","CHN","Asia",108.678896,31.073116,"FirstRecords; GIATAR; GRIIS",13145,1980,"freshwater","present","introduced",NA,NA,"Saffer, A. & Worm, T. Global Invasive and Alien Traits and Records (GIATAR) dataset. Zenodo https://doi.org/10.5281/ZENODO.15042321 (2025) (v. 3); Seebens, H. Alien Species First Records Database. Zenodo https://doi.org/10.5281/ZENODO.10039630 (2023) (v. 3.1); Shyama Pagad, Bisset, S. & McGeoch, M. A. Country Compendium of the Global Register of Introduced and Invasive Species. Dataset. Zenodo https://doi.org/10.5281/ZENODO.6348164 (2022)"
"141","Pomacea canaliculata","China",52,"ID_0291","Gastropod",-17.38,8.3,1.34,0.29,"SE",3,"Hanfeng_lake_A_Impact","Lentic","China","CHN","Asia",108.678896,31.073116,"FirstRecords; GIATAR; GRIIS",13145,1980,"freshwater","present","introduced",NA,NA,"Saffer, A. & Worm, T. Global Invasive and Alien Traits and Records (GIATAR) dataset. Zenodo https://doi.org/10.5281/ZENODO.15042321 (2025) (v. 3); Seebens, H. Alien Species First Records Database. Zenodo https://doi.org/10.5281/ZENODO.10039630 (2023) (v. 3.1); Shyama Pagad, Bisset, S. & McGeoch, M. A. Country Compendium of the Global Register of Introduced and Invasive Species. Dataset. Zenodo https://doi.org/10.5281/ZENODO.6348164 (2022)"
"142","Pomacea canaliculata","China",52,"ID_0481","Gastropod",-25.7,11.9,0.9,0.6,"SD",NA,"Unrestored_basin_Huizhou_West_Lake(PDB)","Lentic","China","CHN","Asia",114.393889,23.0975,"FirstRecords; GIATAR; GRIIS",13145,1980,"freshwater","present","introduced",NA,NA,"Saffer, A. & Worm, T. Global Invasive and Alien Traits and Records (GIATAR) dataset. Zenodo https://doi.org/10.5281/ZENODO.15042321 (2025) (v. 3); Seebens, H. Alien Species First Records Database. Zenodo https://doi.org/10.5281/ZENODO.10039630 (2023) (v. 3.1); Shyama Pagad, Bisset, S. & McGeoch, M. A. Country Compendium of the Global Register of Introduced and Invasive Species. Dataset. Zenodo https://doi.org/10.5281/ZENODO.6348164 (2022)"
"143","Procambarus clarkii","United States of America",256,"ID_0642","Crayfish",-25.47,8.47,1.63,1.17,"SD",9,"Silver","Lentic","United States","USA","North America",-122.212,47.8904,"GIATAR",8213,NA,"brackish; freshwater",NA,"native",NA,NA,"Saffer, A. & Worm, T. Global Invasive and Alien Traits and Records (GIATAR) dataset. Zenodo https://doi.org/10.5281/ZENODO.15042321 (2025) (v. 3)"
"144","Procambarus clarkii","United States of America",256,"ID_0651","Crayfish",-23.93,7.58,1.24,0.94,"SD",7,"Pine","Lentic","United States","USA","North America",-122.0448,47.5866,"GIATAR",8213,NA,"brackish; freshwater",NA,"native",NA,NA,"Saffer, A. & Worm, T. Global Invasive and Alien Traits and Records (GIATAR) dataset. Zenodo https://doi.org/10.5281/ZENODO.15042321 (2025) (v. 3)"
"145","Procambarus clarkii","United States of America",256,"ID_0644","Crayfish",-24.05,6.14,2.75,0.57,"SD",9,"Steel","Lentic","United States","USA","North America",-122.3029,47.3269,"GIATAR",8213,NA,"brackish; freshwater",NA,"native",NA,NA,"Saffer, A. & Worm, T. Global Invasive and Alien Traits and Records (GIATAR) dataset. Zenodo https://doi.org/10.5281/ZENODO.15042321 (2025) (v. 3)"
"146","Procambarus clarkii","United States of America",256,"ID_0640","Crayfish",-26.65,6.43,0.87,0.94,"SD",8,"North","Lentic","United States","USA","North America",-122.2896,47.3051,"GIATAR",8213,NA,"brackish; freshwater",NA,"native",NA,NA,"Saffer, A. & Worm, T. Global Invasive and Alien Traits and Records (GIATAR) dataset. Zenodo https://doi.org/10.5281/ZENODO.15042321 (2025) (v. 3)"
"147","Procambarus clarkii","United States of America",256,"ID_0641","Crayfish",-24.37,7.85,1.81,0.67,"SD",20,"Pine","Lentic","United States","USA","North America",-122.0448,47.5866,"GIATAR",8213,NA,"brackish; freshwater",NA,"native",NA,NA,"Saffer, A. & Worm, T. Global Invasive and Alien Traits and Records (GIATAR) dataset. Zenodo https://doi.org/10.5281/ZENODO.15042321 (2025) (v. 3)"
"148","Rhinella marina","Australia",20,"ID_0608","Frog",-22.18,7.82,NA,NA,NA,1,"Alligator_Rivers_Bucket_Billabong","Lotic","Australia","AUS","Oceania",132.45525,-12.85431,"AmphRep; FirstRecords; GRIIS",8783,1935,"freshwater; terrestrial","present","introduced",NA,NA,"Capinha, C. et al. Diversity, biogeography and the global flows of alien amphibians and reptiles. Divers. Distrib. 23, 1313–1322 (2017); Seebens, H. Alien Species First Records Database. Zenodo https://doi.org/10.5281/ZENODO.10039630 (2023) (v. 3.1); Shyama Pagad, Bisset, S. & McGeoch, M. A. Country Compendium of the Global Register of Introduced and Invasive Species. Dataset. Zenodo https://doi.org/10.5281/ZENODO.6348164 (2022)"
"149","Sus scrofa","Australia",20,"ID_0607","Wild boar",-21.54,5.36,0.56,0.57,"SD",8,"Alligator_Rivers_Barramundi_Gorge","Lotic","Australia","AUS","Oceania",132.4359,-13.31026,"FirstRecords; GRIIS",10325,1788,"terrestrial","present","introduced","established",NA,"Seebens, H. Alien Species First Records Database. Zenodo https://doi.org/10.5281/ZENODO.10039630 (2023) (v. 3.1); Shyama Pagad, Bisset, S. & McGeoch, M. A. Country Compendium of the Global Register of Introduced and Invasive Species. Dataset. Zenodo https://doi.org/10.5281/ZENODO.6348164 (2022)"
"150","Taraxacum officinale","Netherlands",184,"ID_0436","Terrestrial plant",-29.43,2.6,NA,NA,NA,1,"River_WaalRhin_2001-2003","Lotic","Netherlands","NLD","Europe",5.740579,51.766496,"GIATAR",23559,1987,"terrestrial",NA,"introduced",NA,NA,"Saffer, A. & Worm, T. Global Invasive and Alien Traits and Records (GIATAR) dataset. Zenodo https://doi.org/10.5281/ZENODO.15042321 (2025) (v. 3)"
"151","Tarebia granifera","South Africa",273,"ID_0810","Gastropod",-27.73,13.15,1.45,1.51,"SD",23,"Nseleni_river_system","Lotic","South Africa","ZAF","Africa",32.0131,-28.696996,"FirstRecords; GRIIS",13752,2005,"freshwater; terrestrial","present","introduced",NA,NA,"Seebens, H. Alien Species First Records Database. Zenodo https://doi.org/10.5281/ZENODO.10039630 (2023) (v. 3.1); Shyama Pagad, Bisset, S. & McGeoch, M. A. Country Compendium of the Global Register of Introduced and Invasive Species. Dataset. Zenodo https://doi.org/10.5281/ZENODO.6348164 (2022)"
"152","Tarebia granifera","South Africa",273,"ID_0857","Gastropod",-22.77,9.14,0,0,"SE",NA,"Lake_Nyamithi","Lentic","South Africa","ZAF","Africa",32.298576,-26.891246,"FirstRecords; GRIIS",13752,2005,"freshwater; terrestrial","present","introduced",NA,NA,"Seebens, H. Alien Species First Records Database. Zenodo https://doi.org/10.5281/ZENODO.10039630 (2023) (v. 3.1); Shyama Pagad, Bisset, S. & McGeoch, M. A. Country Compendium of the Global Register of Introduced and Invasive Species. Dataset. Zenodo https://doi.org/10.5281/ZENODO.6348164 (2022)"
"153","Tarebia granifera","South Africa",273,"ID_0855","Gastropod",-27.02,13.6,2.34,0.1,"SE",NA,"Olifants_river","Lotic","South Africa","ZAF","Africa",30.567748,-24.446475,"FirstRecords; GRIIS",13752,2005,"freshwater; terrestrial","present","introduced",NA,NA,"Seebens, H. Alien Species First Records Database. Zenodo https://doi.org/10.5281/ZENODO.10039630 (2023) (v. 3.1); Shyama Pagad, Bisset, S. & McGeoch, M. A. Country Compendium of the Global Register of Introduced and Invasive Species. Dataset. Zenodo https://doi.org/10.5281/ZENODO.6348164 (2022)"
"154","Tarebia granifera","South Africa",273,"ID_0856","Gastropod",-20.38,10.57,0.76,0,"SE",NA,"Lake_Jozini","Lentic","South Africa","ZAF","Africa",31.961477,-27.421542,"FirstRecords; GRIIS",13752,2005,"freshwater; terrestrial","present","introduced",NA,NA,"Seebens, H. Alien Species First Records Database. Zenodo https://doi.org/10.5281/ZENODO.10039630 (2023) (v. 3.1); Shyama Pagad, Bisset, S. & McGeoch, M. A. Country Compendium of the Global Register of Introduced and Invasive Species. Dataset. Zenodo https://doi.org/10.5281/ZENODO.6348164 (2022)"
"155","Vallisneria nana","Australia",20,"ID_0927","Macrophyte",-20.11,3.98,NA,NA,"SD",1,"Brisbane River_03","Lotic","Australia","AUS","Oceania",152.403981,-27.041002,"GRIIS",16819,NA,"freshwater","present","introduced",NA,NA,"Shyama Pagad, Bisset, S. & McGeoch, M. A. Country Compendium of the Global Register of Introduced and Invasive Species. Dataset. Zenodo https://doi.org/10.5281/ZENODO.6348164 (2022)"
"156","Vallisneria nana","Australia",20,"ID_0930","Macrophyte",-22.1,7.09,NA,NA,"SD",1,"Brisbane River_06","Lotic","Australia","AUS","Oceania",152.746836,-27.566096,"GRIIS",16819,NA,"freshwater","present","introduced",NA,NA,"Shyama Pagad, Bisset, S. & McGeoch, M. A. Country Compendium of the Global Register of Introduced and Invasive Species. Dataset. Zenodo https://doi.org/10.5281/ZENODO.6348164 (2022)"
"157","Vallisneria nana","Australia",20,"ID_0933","Macrophyte",-22.12,7.75,NA,NA,"SD",1,"Mary River_09","Lotic","Australia","AUS","Oceania",152.75567,-26.546773,"GRIIS",16819,NA,"freshwater","present","introduced",NA,NA,"Shyama Pagad, Bisset, S. & McGeoch, M. A. Country Compendium of the Global Register of Introduced and Invasive Species. Dataset. Zenodo https://doi.org/10.5281/ZENODO.6348164 (2022)"
"158","Vallisneria nana","Australia",20,"ID_0925","Macrophyte",-24.02,2.07,NA,NA,"SD",1,"Brisbane River_01","Lotic","Australia","AUS","Oceania",152.237887,-26.758734,"GRIIS",16819,NA,"freshwater","present","introduced",NA,NA,"Shyama Pagad, Bisset, S. & McGeoch, M. A. Country Compendium of the Global Register of Introduced and Invasive Species. Dataset. Zenodo https://doi.org/10.5281/ZENODO.6348164 (2022)"
"159","Vallisneria nana","Australia",20,"ID_0931","Macrophyte",-24.02,7.94,NA,NA,"SD",1,"Mary River_07","Lotic","Australia","AUS","Oceania",152.71395,-26.727109,"GRIIS",16819,NA,"freshwater","present","introduced",NA,NA,"Shyama Pagad, Bisset, S. & McGeoch, M. A. Country Compendium of the Global Register of Introduced and Invasive Species. Dataset. Zenodo https://doi.org/10.5281/ZENODO.6348164 (2022)"
"160","Vallisneria nana","Australia",20,"ID_0932","Macrophyte",-22.22,3.38,NA,NA,"SD",1,"Mary River_08","Lotic","Australia","AUS","Oceania",152.691161,-26.623691,"GRIIS",16819,NA,"freshwater","present","introduced",NA,NA,"Shyama Pagad, Bisset, S. & McGeoch, M. A. Country Compendium of the Global Register of Introduced and Invasive Species. Dataset. Zenodo https://doi.org/10.5281/ZENODO.6348164 (2022)"
"161","Vallisneria nana","Australia",20,"ID_0929","Macrophyte",-17.35,7.98,NA,NA,"SD",1,"Brisbane River_05","Lotic","Australia","AUS","Oceania",152.670211,-27.443221,"GRIIS",16819,NA,"freshwater","present","introduced",NA,NA,"Shyama Pagad, Bisset, S. & McGeoch, M. A. Country Compendium of the Global Register of Introduced and Invasive Species. Dataset. Zenodo https://doi.org/10.5281/ZENODO.6348164 (2022)"
