FoodWeb_ID,Common_name,Scientific_name,d13C,d15N,var_d13C,var_d15N,var_type,N_Sample,genus,species
ID_0647,Terrestrial plant,Abies amabilis,-30.36,-0.55,1.49,0.21,SD,2,Abies,amabilis
ID_0650,Terrestrial plant,Abies amabilis,-28.35,-3.72,,,SD,1,Abies,amabilis
ID_0651,Terrestrial plant,Abies grandis,-30.66,0.45,,,SD,1,Abies,grandis
ID_0654,Terrestrial plant,Abies grandis,-30.36,-0.44,,,SD,1,Abies,grandis
ID_0647,Terrestrial plant,Acer glabrum,-31.23,-1.79,,,SD,1,Acer,glabrum
ID_0650,Terrestrial plant,Acer macrophyllum,-33.01,-1.93,1.48,0.49,SD,2,Acer,macrophyllum
ID_0651,Terrestrial plant,Acer macrophyllum,-29.9,-1.56,,,SD,1,Acer,macrophyllum
ID_0436,Terrestrial plant,Achillae millefolium,-29.43,2.18,,,,1,Achillae,millefolium
ID_0524,Mangrove leaf_sp2,Aegiceras corniculatum,-27.3,0.7,0.6,0.6,SD,9,Aegiceras,corniculatum
ID_0724,Mayfly,Aesameletus ornatus,-23.62,1.64,,,SD,1,Aesameletus,ornatus
ID_0647,Terrestrial plant,Alnus rubra,-31.13,-0.88,0.09,0.4,SD,2,Alnus,rubra
ID_0648,Terrestrial plant,Alnus rubra,-32.45,-1.27,0.07,0.12,SD,2,Alnus,rubra
ID_0649,Terrestrial plant,Alnus rubra,-31.77,-0.47,0.78,0.18,SD,2,Alnus,rubra
ID_0650,Terrestrial plant,Alnus rubra,-30.48,-0.86,0.91,0.31,SD,2,Alnus,rubra
ID_0651,Terrestrial plant,Alnus rubra,-29.58,-0.67,0.79,0.1,SD,2,Alnus,rubra
ID_0652,Terrestrial plant,Alnus rubra,-30.51,-2.14,1.28,0.73,SD,4,Alnus,rubra
ID_0653,Terrestrial plant,Alnus rubra,-30.52,-1.29,0.16,0.24,SD,4,Alnus,rubra
ID_0654,Terrestrial plant,Alnus rubra,-28.24,-1.03,0.57,0.22,SD,2,Alnus,rubra
ID_0149,Alder,Alnus rugosa,-27,-0.5,2,0,max-min,5,Alnus,rugosa
ID_0153,Gastropod,Alocinna longicornis,-18,8.4,0.4,0,SD,3,Alocinna,longicornis
ID_0521,Alligator weed,Alternanthera philoxeroides,-32.14,3.26,0.73,0.86,SD,3,Alternanthera,philoxeroides
ID_0291,Macrophyte,Alternanthera philoxeroides,-28.43,8.03,,,,1,Alternanthera,philoxeroides
ID_0292,Macrophyte,Alternanthera philoxeroides,-28.41,5.02,,,,1,Alternanthera,philoxeroides
ID_0293,Macrophyte,Alternanthera philoxeroides,-28.36,8.66,0.08,0.63,SE,2,Alternanthera,philoxeroides
ID_0724,Mayfly,Ameletopsis perscitus,-25.04,3.92,,,SD,1,Ameletopsis,perscitus
ID_0470,Caddisfly,Anabolia furcata,-28.8,1,,,,1,Anabolia,furcata
ID_0520,Bivalve,Anadara trapezia,-19.3,6.9,0.3,0.4,SD,3,Anadara,trapezia
ID_0519,Eurasian teal,Anas crecca,-26.14,7.6,2.71,0.23,SD,2,Anas,crecca
ID_0436,Gastropod,Ancylus fluviatilis,-28.79,12.32,1.17,3.03,SD,5,Ancylus,fluviatilis
ID_0846,Damselfly,Angulyagra polyzonata,-24.94,3.96,0.15,0.2,SE,,Angulyagra,polyzonata
ID_0480,Gastropod,Angulyagra polyzonata,-21,7.7,1.1,0.3,SD,,Angulyagra,polyzonata
ID_0481,Gastropod,Angulyagra polyZonata,-25.7,14.1,0.1,0.5,SD,,Angulyagra,polyZonata
ID_0057,Trichoptera,Anisocentropus maculatus,-30.37,0.8,0.72,0.11,SE,2,Anisocentropus,maculatus
ID_0436,Bivalve,Anodonta anatina,-29.4,9.61,,,,1,Anodonta,anatina
ID_0578,Bivalve,Anodonta anatina,-21.98,6.94,0.35,0.19,SD,,Anodonta,anatina
ID_0469,Duck mussel,Anodonta anatina,-31.6,3.7,1.08,0.72,SD,3,Anodonta,anatina
ID_0838,Duck mussel,Anodonta anatina,-33.01,8.37,0.26,0.71,SD,,Anodonta,anatina
ID_0006,Swan mussel,Anodonta cygnea,-31.1,5.5,,,,7,Anodonta,cygnea
ID_0690,Bivalve,Anodonta luteola,-28.73,7.33,0.01,0.41,SD,3,Anodonta,luteola
ID_0861,Bivalve,Anodonta luteola,-28.32,5.91,,,SD,1,Anodonta,luteola
ID_0862,Bivalve,Anodonta luteola,-32.36,5.62,,,SD,1,Anodonta,luteola
ID_0863,Bivalve,Anodonta luteola,-28.01,6.77,,,SD,1,Anodonta,luteola
ID_0864,Bivalve,Anodonta luteola,-32.69,6.84,0.7,0.26,SD,4,Anodonta,luteola
ID_0567,Bivalve,Anodonta woodiana,-26.6,10.8,0.3,0.5,SD,5,Anodonta,woodiana
ID_0167,Crustacean_mollusk,Aratus pisoni,-25.62,4.22,0.48,0.41,SD,3,Aratus,pisoni
ID_0648,Terrestrial plant,Arbutus menziesii,-30.48,-1.98,,,SD,1,Arbutus,menziesii
ID_0654,Terrestrial plant,Arbutus menziesii,-29.43,-1.03,1.14,2.02,SD,2,Arbutus,menziesii
ID_0715,Dobsonfly,Archichauliodes diversus,-35.43,7.22,0.58,0.35,SD,7,Archichauliodes,diversus
ID_0724,Dobsonfly,Archichauliodes diversus,-25.16,2.87,,,SD,1,Archichauliodes,diversus
ID_0725,Dobsonfly,Archichauliodes diversus,-24.93,1.46,,,SD,1,Archichauliodes,diversus
ID_0726,Dobsonfly,Archichauliodes diversus,-23.55,4.81,,,SD,1,Archichauliodes,diversus
ID_0727,Dobsonfly,Archichauliodes diversus,-26.72,1.95,,,SD,1,Archichauliodes,diversus
ID_0728,Dobsonfly,Archichauliodes diversus,-25.55,2.79,,,SD,1,Archichauliodes,diversus
ID_0731,Dobsonfly,Archichauliodes diversus,-30.45,2.82,,,SD,1,Archichauliodes,diversus
ID_0732,Dobsonfly,Archichauliodes diversus,-27.7,3.38,,,SD,1,Archichauliodes,diversus
ID_0153,Bivalve,Arconaia lanceolata,-23.6,11.7,,,,1,Arconaia,lanceolata
ID_0567,Bivalve,Arconaia lanceolata,-27.2,11.8,0.5,0.5,SD,5,Arconaia,lanceolata
ID_0006,Water hoglouse,Asellus aquaticus,-27.5,2.5,,,,5,Asellus,aquaticus
ID_0061,Water hoglouse,Asellus aquaticus,-28.66,5.37,,,,1,Asellus,aquaticus
ID_0062,Water hoglouse,Asellus aquaticus,-27.53,11.38,,,,1,Asellus,aquaticus
ID_0063,Water hoglouse,Asellus aquaticus,-32.86,15.45,,,,1,Asellus,aquaticus
ID_0103,Water hoglouse,Asellus aquaticus,-29.6,10.06,0.65,0.87,SD,,Asellus,aquaticus
ID_0390,Water hoglouse,Asellus aquaticus,-31,13.7,0.6,0.7,SD,,Asellus,aquaticus
ID_0391,Water hoglouse,Asellus aquaticus,-33,11.7,0.5,0.5,SD,,Asellus,aquaticus
ID_0392,Water hoglouse,Asellus aquaticus,-30.2,9.7,1,1.2,SD,,Asellus,aquaticus
ID_0393,Water hoglouse,Asellus aquaticus,-31.7,13.6,0.5,0.8,SD,,Asellus,aquaticus
ID_0394,Water hoglouse,Asellus aquaticus,-30.4,12.7,0.6,0.3,SD,,Asellus,aquaticus
ID_0395,Water hoglouse,Asellus aquaticus,-30.6,11.4,0.8,0.04,SD,,Asellus,aquaticus
ID_0469,Water hoglouse,Asellus aquaticus,-26.6,1.7,1.12,0.41,SD,5,Asellus,aquaticus
ID_0470,Water hoglouse,Asellus aquaticus,-27.3,0.6,0.9,0.52,SD,3,Asellus,aquaticus
ID_0578,Water hoglouse,Asellus aquaticus,-18.23,5.26,0.85,0.79,SD,,Asellus,aquaticus
ID_0741,Water hoglouse,Asellus aquaticus,-32.68,9.38,0.33,0.64,SE,,Asellus,aquaticus
ID_0996,Water hoglouse,Asellus aquaticus,-28.89,10.83,,,SD,1,Asellus,aquaticus
ID_0997,Water hoglouse,Asellus aquaticus,-27.76,8.81,0.08,1.56,SD,2,Asellus,aquaticus
ID_1000,Water hoglouse,Asellus aquaticus,-29.13,8.67,1.63,1.03,SD,2,Asellus,aquaticus
ID_0373,Water hoglouse 0-1m,Asellus aquaticus,-27,2.9,,,,1,Asellus,aquaticus
ID_0373,Water hoglouse 1m,Asellus aquaticus,-21.4,2.4,,,,1,Asellus,aquaticus
ID_0373,Water hoglouse 2m,Asellus aquaticus,-20.4,2.3,,,,1,Asellus,aquaticus
ID_0512,Australian saltbush,Atriplex semibaccata,-27.4,9.5,0.9,0.2,SD,3,Atriplex,semibaccata
ID_0021,Shrimp,Atya innocous,-24.5,8.2,0.2,0.5,SD,16,Atya,innocous
ID_0021,Shrimp,Atya scabra,-24.4,8.4,0.3,0.2,SD,7,Atya,scabra
ID_0435,Shrimp,Atyaephyra desmarestii,-30.34,15.56,,,,1,Atyaephyra,desmarestii
ID_0271,Shrimp,Atyoida bisulcata,-23.14,7.05,,,,1,Atyoida,bisulcata
ID_0272,Shrimp,Atyoida bisulcata,-19.93,5.69,,,,1,Atyoida,bisulcata
ID_0273,Shrimp,Atyoida bisulcata,-20.91,4.44,,,,1,Atyoida,bisulcata
ID_0274,Shrimp,Atyoida bisulcata,-19.1,3.74,,,,1,Atyoida,bisulcata
ID_0204,Phytoplankton,Aulacoseira baicalensis,-27.99,4.17,1.12,0.64,SD,,Aulacoseira,baicalensis
ID_0722,Isopod,Austrodoitea annectens,-27.33,5.6,0.39,1.18,SD,2,Austrodoitea,annectens
ID_0724,Stonefly,Austroperla cyrene,-26.73,-1.14,,,SD,1,Austroperla,cyrene
ID_0167,Plant,Avicennia germinans,-29.91,3.07,1.9,0.85,SD,2,Avicennia,germinans
ID_0520,Leaf,Avicennia marina,-27.1,4.7,0.1,5,SD,10,Avicennia,marina
ID_0814,C3 plant,Azolla  filiculoides,-29.1,-2,,,SD,1,Azolla,filiculoides
ID_0810,Water hyacynth,Azolla filiculoides,-29.83,1.92,0.8,0.36,SD,6,Azolla,filiculoides
ID_0702,Terrestrial plant,Barringtonia acutangula,-27.61,8.44,0,0.13,SD,,Barringtonia,acutangula
ID_0703,Terrestrial plant,Barringtonia acutangula,-28.28,6.8,0.14,0.13,SD,,Barringtonia,acutangula
ID_0704,Terrestrial plant,Barringtonia acutangula,-28.18,3.65,0.14,0.2,SD,,Barringtonia,acutangula
ID_0810,Puff,Barringtonia racemosa,-27.66,5.96,0.88,1,SD,6,Barringtonia,racemosa
ID_0520,Gastropod,Batillaria australis,-15,4.8,0.7,0.2,SD,10,Batillaria,australis
ID_0101,Gastropod,Bellamya aeruginosa,-27.03,11.01,0.49,0.45,SE,21,Bellamya,aeruginosa
ID_0102,Gastropod,Bellamya aeruginosa,-24.32,10.73,0.52,0.26,SE,35,Bellamya,aeruginosa
ID_0153,Gastropod,Bellamya aeruginosa,-18.4,10.8,1.1,0.4,SD,3,Bellamya,aeruginosa
ID_0291,Gastropod,Bellamya aeruginosa,-21.13,9.52,1.09,0.27,SE,3,Bellamya,aeruginosa
ID_0292,Gastropod,Bellamya aeruginosa,-23.51,8.39,1.37,0.48,SE,3,Bellamya,aeruginosa
ID_0293,Gastropod,Bellamya aeruginosa,-21.13,9.5,0.6,0.15,SE,,Bellamya,aeruginosa
ID_0294,Gastropod,Bellamya aeruginosa,-26.39,8.25,1.56,0.16,SE,,Bellamya,aeruginosa
ID_0311,Gastropod,Bellamya aeruginosa,-22.4,10.9,0.5,0.7,SD,5,Bellamya,aeruginosa
ID_0839,Gastropod,Bellamya aeruginosa,-24.95,6.87,1.66,1.91,SD,,Bellamya,aeruginosa
ID_0009,Gastropod,Bellamya ecclesi,-22.5,1.8,,,,1,Bellamya,ecclesi
ID_0521,Gastropod,Bellamya quadrata,-22.71,3,0.97,0.3,SD,5,Bellamya,quadrata
ID_0636,Gastropod,Bellayma chinesis,-23.03,5.25,1.54,0.43,SD,4,Bellayma,chinesis
ID_0637,Gastropod,Bellayma chinesis,-26.65,8.2,1.54,0.15,SD,3,Bellayma,chinesis
ID_0638,Gastropod,Bellayma chinesis,-28.99,6.56,1.25,1.83,SD,4,Bellayma,chinesis
ID_0640,Gastropod,Bellayma chinesis,-28.14,3.84,1.27,1.71,SD,4,Bellayma,chinesis
ID_0641,Gastropod,Bellayma chinesis,-21.33,4.8,0.63,1.3,SD,4,Bellayma,chinesis
ID_0642,Gastropod,Bellayma chinesis,-23.24,6.69,0.54,0.72,SD,4,Bellayma,chinesis
ID_0643,Gastropod,Bellayma chinesis,-26.83,8.26,1.57,0.38,SD,4,Bellayma,chinesis
ID_0644,Gastropod,Bellayma chinesis,-24.03,6,2.24,0.5,SD,3,Bellayma,chinesis
ID_0645,Gastropod,Bellayma chinesis,-27.74,9.3,3.45,0.96,SD,4,Bellayma,chinesis
ID_0646,Gastropod,Bellayma chinesis,-18.22,6.52,2.71,0.84,SD,8,Bellayma,chinesis
ID_0647,Gastropod,Bellayma chinesis,-25,5.7,0.29,0.61,SD,6,Bellayma,chinesis
ID_0649,Gastropod,Bellayma chinesis,-28.71,12.66,0.71,0.69,SD,5,Bellayma,chinesis
ID_0650,Gastropod,Bellayma chinesis,-28,6,0.57,0.55,SD,8,Bellayma,chinesis
ID_0651,Gastropod,Bellayma chinesis,-22.38,7.01,2.28,0.45,SD,6,Bellayma,chinesis
ID_0653,Gastropod,Bellayma chinesis,-29.87,5.99,1.53,0.78,SD,5,Bellayma,chinesis
ID_0655,Gastropod,Bellayma chinesis,-27.55,8.63,3.93,0.76,SD,6,Bellayma,chinesis
ID_0520,Gastropod,Bembicium auratum,-13.9,6,0.3,0.3,SD,10,Bembicium,auratum
ID_0103,Faucet gastropod,Bithynia tentaculata,-28.16,11.45,0.4,0.28,SD,,Bithynia,tentaculata
ID_0390,Gastropod,Bithynia tentaculata,-34.9,15.6,0.3,0.3,SD,,Bithynia,tentaculata
ID_0391,Gastropod,Bithynia tentaculata,-32.1,10.8,1.3,0.5,SD,,Bithynia,tentaculata
ID_0392,Gastropod,Bithynia tentaculata,-32.3,11.1,0.3,0.5,SD,,Bithynia,tentaculata
ID_0393,Gastropod,Bithynia tentaculata,-33.8,11.5,1,0.7,SD,,Bithynia,tentaculata
ID_0394,Gastropod,Bithynia tentaculata,-31.4,12.9,0.01,0.2,SD,,Bithynia,tentaculata
ID_0395,Gastropod,Bithynia tentaculata,-30.8,12.9,0.4,0.4,SD,,Bithynia,tentaculata
ID_0610,Grass,Brachiaria mutica,-11.62,-1.93,,,,1,Brachiaria,mutica
ID_0611,Grass,Brachiaria mutica,-12.86,-0.12,,,,1,Brachiaria,mutica
ID_0612,Grass,Brachiaria mutica,-13.08,3.01,,,,1,Brachiaria,mutica
ID_0250,Macrophyte,Brachiaria mutica,-12.4,7.53,,,,1,Brachiaria,mutica
ID_0578,Oligochaeta,Branchiura sowerbyi,-21.06,6.86,0.55,0.19,SD,,Branchiura,sowerbyi
ID_0057,Gastropod,Brotia hainanensis,-25.4,1.91,0.32,0.08,SE,3,Brotia,hainanensis
ID_0432,Macrophyte,Brunnichia ovata,-19.58,8.02,,,,1,Brunnichia,ovata
ID_0167,Plant,Bucida buceras,-28.54,5.1,3.23,1.44,SD,3,Bucida,buceras
ID_0275,Frog,Bufo marinus,-18.2,7.56,3.11,0.27,SD,2,Bufo,marinus
ID_0435,Gastropod,Bythinia tentaculata,-27.83,14.24,,,,1,Bythinia,tentaculata
ID_0443,Submerged macrophyte,Cabomba caroliniana,-28.6,2.61,0.29,0.25,SD,,Cabomba,caroliniana
ID_0436,Terrestrial plant,Calamagrostis epigejos,-28.14,1.96,,,,1,Calamagrostis,epigejos
ID_0741,Macrophyte,Callitriche obtusangula,-32.28,12.48,0.44,0.68,SE,,Callitriche,obtusangula
ID_0648,Macrophyte,Callitriche stagnolis,-29.98,2.06,,,SD,1,Callitriche,stagnolis
ID_0104,Algae,Caloglossa leprieurii,-36.7,3.4,0.3,0.4,SE,2,Caloglossa,leprieurii
ID_0105,Algae,Caloglossa leprieurii,-36.7,3.4,0.3,0.4,SE,2,Caloglossa,leprieurii
ID_0155,Crayfish,Cambarus bartonii,-25.6,5.6,,,,1,Cambarus,bartonii
ID_0156,Crayfish,Cambarus bartonii,-25.4,5.4,,,,1,Cambarus,bartonii
ID_0157,Crayfish,Cambarus bartonii,-28.1,8.9,,,,1,Cambarus,bartonii
ID_0158,Crayfish,Cambarus bartonii,-28.4,8.9,,,,1,Cambarus,bartonii
ID_0611,Turtle,Carettochelys insculpta,-26.14,6.24,1.59,0.23,SD,2,Carettochelys,insculpta
ID_0436,Macrophyte,Carex acuta,-28.54,7.7,,,,1,Carex,acuta
ID_0015,Aquatic invertebrate,Caridina africana,-27.65,8.1,2.22,0.3,SD,6,Caridina,africana
ID_0016,Aquatic invertebrate,Caridina africana,-31.15,10.2,4.03,0.14,SD,2,Caridina,africana
ID_0017,Aquatic invertebrate,Caridina africana,-28.54,7.94,2.65,1.58,SD,5,Caridina,africana
ID_0018,Aquatic invertebrate,Caridina africana,-27.4,10,,,SD,1,Caridina,africana
ID_0057,Shrimp,Caridina cantonensis,-25.48,2.48,,,,1,Caridina,cantonensis
ID_0007,Shrimp,Caridina nilotica,-22.8,7.2,,,,6,Caridina,nilotica
ID_0008,Shrimp,Caridina nilotica,-19,4.4,,,,17,Caridina,nilotica
ID_0092,Shrimp,Caridina nilotica,-23.26,2.14,,,,3,Caridina,nilotica
ID_0093,Shrimp,Caridina nilotica,-16.35,0.19,0.06,0.1,SD,3,Caridina,nilotica
ID_0108,Shrimp,Caridina nilotica,-20.3,5,0.2,0.6,SD,7,Caridina,nilotica
ID_0184,Shrimp,Caridina nilotica,-20.49,2.79,,,,1,Caridina,nilotica
ID_0776,Shrimp,Caridina nilotica,-18.99,6.1,0.95,0.42,SE,32,Caridina,nilotica
ID_0184,Shrimp,Caridinia niloticus,-19.11,3.05,,,,1,Caridinia,niloticus
ID_0524,Gastropod_sp2,Cassidula aurisfelis,-22.8,5.6,1.1,0,SD,3,Cassidula,aurisfelis
ID_0629,Mussel,Castalia ambigua,-33.62,6.82,,,,1,Castalia,ambigua
ID_0839,Coontail macrophyte,Ceratophyllum demersum,-22.55,3.48,2.42,1.57,SD,,Ceratophyllum,demersum
ID_0844,Coontail macrophyte,Ceratophyllum demersum,-14.76,2.9,1.37,1.13,SE,,Ceratophyllum,demersum
ID_0845,Coontail macrophyte,Ceratophyllum demersum,-14.62,-0.52,0,0,SE,,Ceratophyllum,demersum
ID_0328,Macrophyte,Ceratophyllum demersum,-23.21,12.73,,,,1,Ceratophyllum,demersum
ID_0330,Macrophyte,Ceratophyllum demersum,-27.36,13.74,,,,1,Ceratophyllum,demersum
ID_0331,Macrophyte,Ceratophyllum demersum,-21.46,9.2,,,,1,Ceratophyllum,demersum
ID_0654,Macrophyte,Ceratophyllum demersum,-25.32,1.08,2.58,0.21,SD,2,Ceratophyllum,demersum
ID_0810,Macrophyte,Ceratophyllum demersum,-24.21,19.15,0.88,1.22,SD,6,Ceratophyllum,demersum
ID_0443,Submerged macrophyte,Ceratophyllum demersum,-28.36,2.09,0.14,0.18,SD,,Ceratophyllum,demersum
ID_0524,Gastropod_sp7,Cerithidea ornata,-22.4,6.8,0.7,1.3,SD,5,Cerithidea,ornata
ID_0009,Mayfly,Chaoborus edulis,-24.4,7.6,,,,2,Chaoborus,edulis
ID_0185,Mayfly,Chaoborus edulis,-24.43,5.77,1.74,0.43,SD,4,Chaoborus,edulis
ID_0524,Crab_sp13,Charybdis helleri,-17.6,10.6,1,0.6,SD,6,Charybdis,helleri
ID_0435,Shrimp,Chelicorophium curvispinum,-28.54,14.09,,,,1,Chelicorophium,curvispinum
ID_0436,Shrimp,Chelicorophium curvispinum,-28.08,10.74,1.12,0.9,SD,18,Chelicorophium,curvispinum
ID_0025,Crayfish,Cherax destructor,-24.42,8.03,0.61,1.45,SD,,Cherax,destructor
ID_0026,Crayfish,Cherax destructor,-20.75,8.28,0.61,0.6,SD,,Cherax,destructor
ID_0064,Crayfish,Cherax destructor,-21.05,,0.35,,SE,2,Cherax,destructor
ID_0065,Crayfish,Cherax destructor,-20.55,,0.05,,SE,2,Cherax,destructor
ID_0066,Crayfish,Cherax destructor,-19.2,,,,,1,Cherax,destructor
ID_0072,Crayfish,Cherax destructor,-23.1,,0.5,,SE,,Cherax,destructor
ID_0073,Crayfish,Cherax destructor,-21.65,,0.35,,SE,2,Cherax,destructor
ID_0074,Crayfish,Cherax destructor,-23.8,,0.2,,SE,,Cherax,destructor
ID_0075,Crayfish,Cherax destructor,-23.9,,0.5,,SE,,Cherax,destructor
ID_0076,Crayfish,Cherax destructor,-22.3,,0.5,,SE,,Cherax,destructor
ID_0253,Crayfish,Cherax quadricarinatus,-24.65,6.31,,,,1,Cherax,quadricarinatus
ID_0590,Crayfish,Cherax quadricarinatus,-22.84,9.43,,,,1,Cherax,quadricarinatus
ID_0594,Crayfish,Cherax quadricarinatus,-22.85,10.16,1.45,0.26,SD,3,Cherax,quadricarinatus
ID_0595,Crayfish,Cherax quadricarinatus,-22.22,9.77,1.42,0.47,SD,3,Cherax,quadricarinatus
ID_0598,Crayfish,Cherax quadricarinatus,-21.6,8.3,1.24,0.38,SD,3,Cherax,quadricarinatus
ID_0602,Crayfish,Cherax quadricarinatus,-21.37,9.29,1.57,0.05,SD,3,Cherax,quadricarinatus
ID_0604,Crayfish,Cherax quadricarinatus,-22.95,9.21,1.79,0.23,SD,3,Cherax,quadricarinatus
ID_0271,Worm,Cheumatopsyche pettiti,-25.91,6.21,,,,1,Cheumatopsyche,pettiti
ID_0272,Worm,Cheumatopsyche pettiti,-23.79,7.53,,,,1,Cheumatopsyche,pettiti
ID_0273,Worm,Cheumatopsyche pettiti,-26.88,4.77,,,,1,Cheumatopsyche,pettiti
ID_0274,Worm,Cheumatopsyche pettiti,-25.59,5.9,,,,1,Cheumatopsyche,pettiti
ID_0275,Worm,Cheumatopsyche pettiti,-21.74,6.32,,,,1,Cheumatopsyche,pettiti
ID_0390,Midge,Chironomus plumosus,-32.3,15.1,0.6,0.8,SD,,Chironomus,plumosus
ID_0391,Midge,Chironomus plumosus,-29.2,13.4,0.1,0.1,SD,,Chironomus,plumosus
ID_0392,Midge,Chironomus plumosus,-34.6,8.8,0.2,0.2,SD,,Chironomus,plumosus
ID_0393,Midge,Chironomus plumosus,-34.9,9.6,1.3,0.8,SD,,Chironomus,plumosus
ID_0394,Midge,Chironomus plumosus,-33.3,15.3,0.6,0.2,SD,,Chironomus,plumosus
ID_0395,Midge,Chironomus plumosus,-31.5,12.2,0.6,0.03,SD,,Chironomus,plumosus
ID_0578,Midge,Chironomus plumosus,-20.74,7.11,0.39,0.19,SD,,Chironomus,plumosus
ID_0276,Frog,Chrysemys scripta elegans,-23.59,11.44,,,,1,Chrysemys,scripta
ID_0273,Herptofauna,Chrysemys scripta elegans,-19.33,11.55,,,,1,Chrysemys,scripta
ID_0459,Gastropod,Cipangopaludina cahayensis,-27.96,10.28,1.87,1.24,SD,7,Cipangopaludina,cahayensis
ID_0153,Gastropod,Cipangopaludina chinensis,-17.9,10.3,,,,1,Cipangopaludina,chinensis
ID_0700,Gastropod,Cipangopaludina chinensis,-27.6,12.1,0.2,0.3,SD,2,Cipangopaludina,chinensis
ID_0436,Terrestrial plant,Cirsium arvense,-29.56,2.55,,,,1,Cirsium,arvense
ID_0135,Macrophyte,Cladium jamaicense,-27.21,5.32,,,,,Cladium,jamaicense
ID_0202,Algae,Cladophora glomerata,-16.83,5.87,0.56,1.12,SE,2,Cladophora,glomerata
ID_0435,Algae,Cladophora glomerata,-22.96,11.13,,,,1,Cladophora,glomerata
ID_0436,Algae,Cladophora glomerata,-21,5.57,,,,1,Cladophora,glomerata
ID_0203,Cladophora,Cladophora glomerata,-15.36,8,,,,1,Cladophora,glomerata
ID_0567,Crab,Clistocoeloma sinensis,-26.8,9.1,1.2,1.8,SD,5,Clistocoeloma,sinensis
ID_0103,Mayfly,Cloëon dipterum,-30.77,10.01,0.42,0.92,SD,,Cloëon,dipterum
ID_0721,Mayfly,Coloburiscus humeralis,-32.02,8.56,0.18,0.09,SD,2,Coloburiscus,humeralis
ID_0724,Mayfly,Coloburiscus humeralis,-25.62,1.41,,,SD,1,Coloburiscus,humeralis
ID_0024,Bird,Columbia livia,-24.93,6.35,0.4,0.26,SE,,Columbia,livia
ID_0521,Canadian horseweed,Conyza canadensis,-31.25,1.43,0.44,0.41,SD,3,Conyza,canadensis
ID_0101,Bivalve,Corbicula fluminea,-29.33,11.01,0.14,0.22,SE,59,Corbicula,fluminea
ID_0102,Bivalve,Corbicula fluminea,-28.17,10.07,0.23,0.2,SE,42,Corbicula,fluminea
ID_0131,Bivalve,Corbicula fluminea,-31.14,14.51,0.09,0.15,SE,,Corbicula,fluminea
ID_0132,Bivalve,Corbicula fluminea,-28.87,12.6,0.06,0.1,SE,,Corbicula,fluminea
ID_0153,Bivalve,Corbicula fluminea,-24.9,12,0.5,0.6,SD,3,Corbicula,fluminea
ID_0240,Bivalve,Corbicula fluminea,-28.98,14.75,0.1,0.1,SD,4,Corbicula,fluminea
ID_0271,Bivalve,Corbicula fluminea,-23.01,5.62,0.43,0.31,SD,3,Corbicula,fluminea
ID_0272,Bivalve,Corbicula fluminea,-13.24,6.86,,,,1,Corbicula,fluminea
ID_0274,Bivalve,Corbicula fluminea,-15.15,6.86,,,,1,Corbicula,fluminea
ID_0275,Bivalve,Corbicula fluminea,-21.83,7.72,4.35,0.11,SD,2,Corbicula,fluminea
ID_0276,Bivalve,Corbicula fluminea,-26.49,7.97,0.33,0.06,SD,2,Corbicula,fluminea
ID_0311,Bivalve,Corbicula fluminea,-28.2,10.9,0.5,0.4,SD,5,Corbicula,fluminea
ID_0435,Bivalve,Corbicula fluminea,-29.6,14.48,,,,1,Corbicula,fluminea
ID_0436,Bivalve,Corbicula fluminea,-30.37,9.86,,,,1,Corbicula,fluminea
ID_0436,Bivalve,Corbicula fluminea,-29.5,9.8,1.16,0.25,SD,,Corbicula,fluminea
ID_0567,Bivalve,Corbicula fluminea,-28.2,10.9,0.5,0.4,SD,5,Corbicula,fluminea
ID_0690,Bivalve,Corbicula fluminea,-30.16,6.35,0.78,0.24,SD,3,Corbicula,fluminea
ID_0860,Bivalve,Corbicula fluminea,-34.96,3.12,0.11,0.19,SD,6,Corbicula,fluminea
ID_0861,Bivalve,Corbicula fluminea,-31.76,5.79,0.88,0.23,SD,6,Corbicula,fluminea
ID_0864,Bivalve,Corbicula fluminea,-31.98,6.65,,,SD,1,Corbicula,fluminea
ID_0814,Bivalve_clam,Corbicula fluminea,-23.6,5.3,0.7,1.9,SD,4,Corbicula,fluminea
ID_0520,Bivalve,Corbula truncata,-22.4,4.5,0.3,0,SD,7,Corbula,truncata
ID_0470,Dragonfly,Cordulia aenea,-29.5,1.7,,,,1,Cordulia,aenea
ID_0435,Hydroid,Cordylophora caspia,-28.79,13.61,,,,1,Cordylophora,caspia
ID_0436,Hydroid,Cordylophora caspia,-28.84,9.28,0.22,0.27,SD,,Cordylophora,caspia
ID_0648,Terrestrial plant,Cornus nuttallii,-31.79,-3.96,,,SD,1,Cornus,nuttallii
ID_0652,Terrestrial plant,Cornus nuttallii,-29.81,-2.12,,,SD,1,Cornus,nuttallii
ID_0167,Plant,Crinum americanum,-30.16,5.51,1.97,2.46,SD,4,Crinum,americanum
ID_0567,Bivalve,Cristaria plicata,-27.1,11.6,0.6,0.4,SD,5,Cristaria,plicata
ID_0604,Crocodile,Crocodylus johnstoni,-16.46,9.62,,,,1,Crocodylus,johnstoni
ID_0606,Crocodile,Crocodylus porosus,-21.96,8.97,,,,1,Crocodylus,porosus
ID_0607,Crocodile,Crocodylus porosus,-20.08,8.02,1.14,1.53,SD,3,Crocodylus,porosus
ID_0608,Crocodile,Crocodylus porosus,-20.13,8.3,1.32,0.18,SD,3,Crocodylus,porosus
ID_0609,Crocodile,Crocodylus porosus,-20.16,7.77,1.96,0.96,SD,23,Crocodylus,porosus
ID_0611,Crocodile,Crocodylus porosus,-20.4,7.1,,,,1,Crocodylus,porosus
ID_0612,Crocodile,Crocodylus porosus,-23.34,8.01,3.75,0.75,SD,11,Crocodylus,porosus
ID_0204,Mesozooplankton,Cyclops kolensis,-26.27,7.6,0.39,0.58,SD,,Cyclops,kolensis
ID_0512,Bermuda grass,Cynodon dactylon,-12.6,5.8,1.3,1.5,SD,4,Cynodon,dactylon
ID_0513,Bermuda grass,Cynodon dactylon,-12.9,10.9,0.7,3.2,SD,4,Cynodon,dactylon
ID_0517,Macrophyte,Cynodon dactylon,-14.4,16,0.2,1.2,SD,3,Cynodon,dactylon
ID_0518,Macrophyte,Cynodon dactylon,-16.22,12.6,5.2,0.49,SD,6,Cynodon,dactylon
ID_0293,Terrestrial plant,Cynodon dactylon,-13.19,,,,,1,Cynodon,dactylon
ID_0806,C3 plant,Cyperus articulatus,-28.5,-0.01,1.2,2.2,SD,23,Cyperus,articulatus
ID_0807,C3 plant,Cyperus articulatus,-28.9,1.4,1.6,2.2,SD,13,Cyperus,articulatus
ID_0808,C3 plant,Cyperus articulatus,-28.8,3.1,1.6,1.4,SD,13,Cyperus,articulatus
ID_0809,C3 plant,Cyperus articulatus,-27,2.1,1.2,1.3,SD,11,Cyperus,articulatus
ID_0810,C3 plant,Cyperus papyrus,-15.53,12.8,0.92,0.27,SD,6,Cyperus,papyrus
ID_0184,Macrophyte,Cyperus papyrus,-11.39,2.98,,,,1,Cyperus,papyrus
ID_0008,Macrophyte_papyrus sedge,Cyperus papyrus,-12.65,0.4,,,,2,Cyperus,papyrus
ID_0092,Macrophyte_papyrus sedge,Cyperus papyrus,-13.03,-5.52,,,,1,Cyperus,papyrus
ID_0093,Macrophyte_papyrus sedge,Cyperus papyrus,-12.12,-2.22,0.89,4.25,SD,4,Cyperus,papyrus
ID_0106,Macrophyte,Cyperus platistylis,-11.2,1.7,,,,1,Cyperus,platistylis
ID_0107,Macrophyte,Cyperus platistylis,-11.2,1.7,,,,1,Cyperus,platistylis
ID_0453,Zooplankton,Daphnia cucullata,-31.01,1.81,,,,1,Daphnia,cucullata
ID_0131,Zooplankton,Daphnia polymorpha,-30.9,13.84,0.19,0.26,SE,,Daphnia,polymorpha
ID_0132,Zooplankton,Daphnia polymorpha,-28.91,11.11,0.37,0.77,SE,,Daphnia,polymorpha
ID_0190,Copepod,Diacyclops thomasi,-29.2,5.8,,,,1,Diacyclops,thomasi
ID_0453,Zooplankton,Diaphanosoma dubium,-30.9,1.95,,,,1,Diaphanosoma,dubium
ID_0151,Zooplankton,Diaphanosoma excisum,,,,,,,Diaphanosoma,excisum
ID_0435,Gammarid,Dikerogammarus villosus,-28.17,14.65,1.67,1.04,SD,,Dikerogammarus,villosus
ID_0486,Gammarid,Dikerogammarus villosus,-26.1,9.3,0.2,0.4,SE,6,Dikerogammarus,villosus
ID_0578,Gammarid,Dikerogammarus villosus,-16.18,7.01,1.29,1.06,SD,,Dikerogammarus,villosus
ID_0436,Gammarid adult,Dikerogammarus villosus,-26.33,10.93,0.49,0.97,SD,9,Dikerogammarus,villosus
ID_0436,Gammarid juveniles,Dikerogammarus villosus,-26.54,10.53,0.51,1.29,SD,22,Dikerogammarus,villosus
ID_0436,Gammarid large,Dikerogammarus villosus,-26.09,11.27,0.37,1,SD,5,Dikerogammarus,villosus
ID_0436,Gammarid mean,Dikerogammarus villosus,-26.48,10.64,0.49,1.21,SD,33,Dikerogammarus,villosus
ID_0524,Polychaete_sp1,Diopatra neapolitana,-25.5,11.3,0.1,0.8,SD,3,Diopatra,neapolitana
ID_0568,Bivalve,Diplodon chilensis,-26.63,5.15,0.41,0.77,SD,141,Diplodon,chilensis
ID_0852,Bivalve,Diplodon chilensis,-25.8,5.7,0.3,0.3,SD,15,Diplodon,chilensis
ID_0098,Zooplankton,Diporeia hoyi,-28.16,4.35,0.3,0.6,SE,18,Diporeia,hoyi
ID_0495,Gastropod,Doryssa millepunctata,-29.19,6.47,0.24,0.08,SD,3,Doryssa,millepunctata
ID_0495,Gastropod,Doryssa starkii,-30.81,7.05,0.21,0.25,SD,20,Doryssa,starkii
ID_0524,Gastropod_sp3,Dostia violecea,-19.2,7.3,1.5,3.5,SD,11,Dostia,violecea
ID_0203,Bivalve_Dreissenid,Dreissena bugensis,-22.42,8.34,0.35,0.14,SE,3,Dreissena,bugensis
ID_0201,Bivalve_mussel,Dreissena bugensis,-21.75,7.8,,,,1,Dreissena,bugensis
ID_0202,Bivalve_mussel,Dreissena bugensis,-23.64,7.97,0.33,0.45,SE,2,Dreissena,bugensis
ID_0005,Quagga mussel,Dreissena bugensis,-22.7,9.8,,,,18,Dreissena,bugensis
ID_0578,Bivalve,Dreissena polymorpha,-25.37,5.79,0.3,0.15,SD,,Dreissena,polymorpha
ID_0139,Bivalve Zebra mussel,Dreissena polymorpha,-27.86,11.34,0.17,0.42,SE,,Dreissena,polymorpha
ID_0127,Bivalve_mussel,Dreissena polymorpha,-30.16,12.5,1.06,0.56,SE,,Dreissena,polymorpha
ID_0128,Bivalve_mussel,Dreissena polymorpha,-29.47,15.75,0.16,0.32,SE,,Dreissena,polymorpha
ID_0436,Bivalve_mussel,Dreissena polymorpha,-28.81,9.68,1.73,0.78,SD,44,Dreissena,polymorpha
ID_0137,Bivalve_Zebra mussel,Dreissena polymorpha,-29.76,9.64,0.26,0.06,SE,,Dreissena,polymorpha
ID_0434,Bivalve_Zebra mussel,Dreissena polymorpha,-29.7,15.2,0.9,0.6,SD,10,Dreissena,polymorpha
ID_0435,Bivalve_Zebra mussel,Dreissena polymorpha,-29.51,13.78,,,,1,Dreissena,polymorpha
ID_0569,Zebra mussel,Dreissena polymorpha,-22,8.9,0.08,0.1,SD,,Dreissena,polymorpha
ID_0151,Mayfly,Eatonica shoutedini,-19.99,,,,,1,Eatonica,shoutedini
ID_0524,Crab_sp6,Ebalia malefactrix,-17.6,9.3,1.1,0.6,SD,6,Ebalia,malefactrix
ID_0810,Plant,Echinochloa pyramidalis,-12.35,17.2,0.2,0.14,SD,6,Echinochloa,pyramidalis
ID_0104,Macrophyte terrestrial,Echinocloa praestans,-27,-1.9,0.2,3.4,SE,2,Echinocloa,praestans
ID_0105,Macrophyte terrestrial,Echinocloa praestans,-27,-1.9,0.2,3.4,SE,2,Echinocloa,praestans
ID_0106,Terrestrial plant,Echinocloa praestans,-11.3,1.2,,,,1,Echinocloa,praestans
ID_0107,Terrestrial plant,Echinocloa praestans,-11.3,1.2,,,,1,Echinocloa,praestans
ID_0201,Gammarid,Echinogammarus fasciatus,-19.66,8.73,0.22,0.44,SE,2,Echinogammarus,fasciatus
ID_0202,Gammarid,Echinogammarus fasciatus,-18.87,9.02,0.26,0.37,SE,2,Echinogammarus,fasciatus
ID_0203,Gammarid,Echinogammarus fasciatus,-18.01,8.82,0.5,0.07,SE,2,Echinogammarus,fasciatus
ID_0005,Gammarid,Echinogammarus ischnus,-19.6,10.2,,,,4,Echinogammarus,ischnus
ID_0436,Gammarid,Echinogammarus ischnus,-26.04,10.22,0.48,0.38,SD,3,Echinogammarus,ischnus
ID_0578,Gammarid,Echinogammarus veneris,-20.3,8.05,1.11,1.3,SD,,Echinogammarus,veneris
ID_0824,Mussel Kakahi  all sampling,Echyridella menziesii,-23.15,4.78,1.3,0.35,95%CI,36,Echyridella,menziesii
ID_0328,Macrophyte,Egeria densa,-21.29,13.69,,,,1,Egeria,densa
ID_0329,Macrophyte,Egeria densa,-20.06,11.81,,,,1,Egeria,densa
ID_0330,Macrophyte,Egeria densa,-25.71,11.77,,,,1,Egeria,densa
ID_0443,Submerged macrophyte,Egeria densa,-27.47,2.66,0.29,0.28,SD,,Egeria,densa
ID_0015,Emergent leaves,Eichhornia crassipes,-30.9,5.7,,,SD,1,Eichhornia,crassipes
ID_0017,Emergent leaves,Eichhornia crassipes,-31.8,2.53,0.7,1.27,SD,3,Eichhornia,crassipes
ID_0018,Emergent leaves,Eichhornia crassipes,-32.6,3,,,SD,1,Eichhornia,crassipes
ID_0810,Emergent vegetation water hyacynth,Eichhornia crassipes,-27.06,15.2,0.24,0.18,SD,6,Eichhornia,crassipes
ID_0135,Macrophyte,Eichhornia crassipes,-25.88,7.03,,,,,Eichhornia,crassipes
ID_0184,Macrophyte,Eichhornia crassipes,-27.56,,,,,1,Eichhornia,crassipes
ID_0008,Macrophyte_water hyacinth,Eichhornia crassipes,-27.1,3.05,,,,2,Eichhornia,crassipes
ID_0092,Macrophyte_water hyacinth,Eichhornia crassipes,-29.26,0.36,,,,3,Eichhornia,crassipes
ID_0093,Macrophyte_water hyacinth,Eichhornia crassipes,-27.84,4.78,0.61,0.51,SD,3,Eichhornia,crassipes
ID_0167,Plant,Eichhornia crassipes,-27.77,8.43,1.67,2.85,SD,3,Eichhornia,crassipes
ID_0618,Water hyacinth,Eichornia crassipes,-29.73,5.28,,,,1,Eichornia,crassipes
ID_0619,Water hyacinth,Eichornia crassipes,-30.35,2.57,,,,1,Eichornia,crassipes
ID_0620,Water hyacinth,Eichornia crassipes,-31.56,3.62,,,,1,Eichornia,crassipes
ID_0624,Water hyacinth,Eichornia crassipes,-29.81,8.51,,,,1,Eichornia,crassipes
ID_0626,Water hyacinth,Eichornia crassipes,-32.96,4.37,,,,1,Eichornia,crassipes
ID_0627,Water hyacinth,Eichornia crassipes,-29.9,6.18,,,,1,Eichornia,crassipes
ID_0628,Water hyacinth,Eichornia crassipes,-30.67,3.85,,,,1,Eichornia,crassipes
ID_0629,Water hyacinth,Eichornia crassipes,-29.89,5.88,,,,1,Eichornia,crassipes
ID_0149,Spikerush,Eleocharis smallii,-28,4.9,2.2,0,max-min,5,Eleocharis,smallii
ID_0155,Bivalve_clam,Elliptio complanata,-30.7,3.5,,,,1,Elliptio,complanata
ID_0156,Bivalve_clam,Elliptio complanata,-30.8,3.9,,,,1,Elliptio,complanata
ID_0158,Bivalve_clam,Elliptio complanata,-33.4,6.3,,,,1,Elliptio,complanata
ID_1001,Eastern eliptio,Elliptio complanata,-29.09,10.78,,,SD,1,Elliptio,complanata
ID_0646,Macrophyte,Elodea candensis,-12.6,2.68,4.36,0.85,SD,2,Elodea,candensis
ID_0652,Macrophyte,Elodea candensis,-18.43,5.97,2.17,1.63,SD,2,Elodea,candensis
ID_0653,Macrophyte,Elodea candensis,-21.9,0.47,,,SD,1,Elodea,candensis
ID_0839,Macrophyte,Elodea nuttallii,-20.95,5.54,0.39,0.18,SD,,Elodea,nuttallii
ID_0524,Bivalve_sp1,Ensis magnus,-21.8,7.5,0.2,0.8,SD,6,Ensis,magnus
ID_0657,Mayfly,Epeorus latifolium,-18.8,-0.5,1.4,0.7,SD,12,Epeorus,latifolium
ID_0658,Mayfly,Epeorus latifolium,-16.9,3.4,0.6,0.8,SD,12,Epeorus,latifolium
ID_0659,Mayfly,Epeorus latifolium,-21.4,-1.9,1,0.7,SD,12,Epeorus,latifolium
ID_0660,Mayfly,Epeorus latifolium,-23.2,-2.2,0.7,12,SD,12,Epeorus,latifolium
ID_0995,Mayfly,Ephemera danica,-31.81,-0.27,,,SD,1,Ephemera,danica
ID_0697,Mayfly,Ephemera orientalis,-22.4,9.3,0.2,0.2,SD,3,Ephemera,orientalis
ID_0435,Sponge,Ephydatia fluviatilis,-28.28,14.37,,,,1,Ephydatia,fluviatilis
ID_0204,Mesozooplankton,Epischura baicalensis,-26.49,6.5,0.78,0.58,SD,,Epischura,baicalensis
ID_0190,Copepod,Epischura nevadensis,-30.41,5.76,0.77,0.06,SE,8,Epischura,nevadensis
ID_0524,Crab_sp3,Episesarma versicolor,-23.8,8.7,,,,1,Episesarma,versicolor
ID_0436,Macrophyte,Equisetum arvense,-28.59,4.95,,,,1,Equisetum,arvense
ID_0153,Chinese mittencrab,Eriocheir sinensis,-22.3,10.3,,,,1,Eriocheir,sinensis
ID_0435,Chinese mittencrab,Eriocheir sinensis,-28.26,16.16,,,,1,Eriocheir,sinensis
ID_0436,Chinese mittencrab,Eriocheir sinensis,-27.03,14.55,0.89,0.49,SD,18,Eriocheir,sinensis
ID_0504,Chinese mittencrab,Eriocheir sinensis,-27.12,16,0.18,0.15,SD,,Eriocheir,sinensis
ID_0578,Leech,Erpobdella octoculata,-20.65,10.25,3.48,0.15,SD,,Erpobdella,octoculata
ID_0469,Leech,Erpobdella testacea,-28.3,3.5,,,,1,Erpobdella,testacea
ID_0436,Terrestrial plant,Eryngium campestre,-29.7,3.51,,,,1,Eryngium,campestre
ID_0392,Damselfly,Erythromma najas,-34.8,11.5,0.1,0.5,SD,,Erythromma,najas
ID_0064,Riparian vegetation,Eucalyptus camaldulensis,,,,,,,Eucalyptus,camaldulensis
ID_0065,Riparian vegetation,Eucalyptus camaldulensis,,,,,,,Eucalyptus,camaldulensis
ID_0066,Riparian vegetation,Eucalyptus camaldulensis,,,,,,,Eucalyptus,camaldulensis
ID_0067,Riparian vegetation,Eucalyptus camaldulensis,,,,,,,Eucalyptus,camaldulensis
ID_0068,Riparian vegetation,Eucalyptus camaldulensis,,,,,,,Eucalyptus,camaldulensis
ID_0069,Riparian vegetation,Eucalyptus camaldulensis,,,,,,,Eucalyptus,camaldulensis
ID_0070,Riparian vegetation,Eucalyptus camaldulensis,,,,,,,Eucalyptus,camaldulensis
ID_0071,Riparian vegetation,Eucalyptus camaldulensis,,,,,,,Eucalyptus,camaldulensis
ID_0072,Riparian vegetation,Eucalyptus camaldulensis,,,,,,,Eucalyptus,camaldulensis
ID_0073,Riparian vegetation,Eucalyptus camaldulensis,,,,,,,Eucalyptus,camaldulensis
ID_0074,Riparian vegetation,Eucalyptus camaldulensis,,,,,,,Eucalyptus,camaldulensis
ID_0075,Riparian vegetation,Eucalyptus camaldulensis,,,,,,,Eucalyptus,camaldulensis
ID_0076,Riparian vegetation,Eucalyptus camaldulensis,,,,,,,Eucalyptus,camaldulensis
ID_0702,Terrestrial plant,Eucalyptus camaldulensis,-29.12,3.29,0.09,0.11,SD,,Eucalyptus,camaldulensis
ID_0703,Terrestrial plant,Eucalyptus camaldulensis,-28.85,4.86,0.1,0.09,SD,,Eucalyptus,camaldulensis
ID_0704,Terrestrial plant,Eucalyptus camaldulensis,-28.65,7.32,0,0.15,SD,,Eucalyptus,camaldulensis
ID_0057,Damselfly,Euphaea decorata,-26.38,4.72,0,0.19,SE,2,Euphaea,decorata
ID_0760,Chinese white prawn Shrimp,Exopalaemon modestus,-23.16,12.29,2.48,0,,,Exopalaemon,modestus
ID_0101,Shrimp,Exopalaemon modestus,-26.63,14.88,0.37,0.6,SE,4,Exopalaemon,modestus
ID_0102,Shrimp,Exopalaemon modestus,-25.24,14.43,0.49,0.26,SE,14,Exopalaemon,modestus
ID_0153,Shrimp,Exopalaemon modestus,-21.9,12,0.8,0.1,SD,3,Exopalaemon,modestus
ID_0459,Shrimp,Exopalaemon modestus,-23.04,12.99,1.86,2.31,SD,19,Exopalaemon,modestus
ID_0436,Macrophyte,Festuca arundinacea,-30.02,4.62,,,,1,Festuca,arundinacea
ID_0406,Terrestrial plant,Ficus adornasperma,-29.85,-0.44,0.13,0.57,SD,3,Ficus,adornasperma
ID_0513,Common wild fig,Ficus burkei,-29.2,12.5,0.7,1.8,SD,4,Ficus,burkei
ID_0514,Common wild fig,Ficus burkei,-28.6,8.6,0.9,0.3,SD,4,Ficus,burkei
ID_0515,Common wild fig,Ficus burkei,-29,8.4,0.7,0.7,SD,4,Ficus,burkei
ID_0989,Moss,Fontinalis antipyretica,-44.27,-0.88,0.25,0.6,SD,2,Fontinalis,antipyretica
ID_0990,Moss,Fontinalis antipyretica,-46.18,-0.23,0.38,0.81,SD,2,Fontinalis,antipyretica
ID_0519,Eurasian coot,Fulica atra,-21.52,8.1,2.86,3.5,SD,2,Fulica,atra
ID_0005,Gammarid,Gammarus fasciatus,-16.8,9.1,,,,5,Gammarus,fasciatus
ID_0373,Gammarid 0-1m,Gammarus lacustris,-23.4,3,,,,1,Gammarus,lacustris
ID_0373,Gammarid 1m,Gammarus lacustris,-19.6,2.8,,,,1,Gammarus,lacustris
ID_0373,Gammarid 2m,Gammarus lacustris,-19.8,2.4,,,,1,Gammarus,lacustris
ID_0373,Gammarid 3m,Gammarus lacustris,-24.4,3.5,,,,1,Gammarus,lacustris
ID_0062,Gammarid,Gammarus pulex,-27.53,10.57,,,,1,Gammarus,pulex
ID_0063,Gammarid,Gammarus pulex,-36.16,14.8,,,,1,Gammarus,pulex
ID_0390,Gammarid,Gammarus pulex,-32.3,19.2,0.5,0.6,SD,,Gammarus,pulex
ID_0391,Gammarid,Gammarus pulex,-29.7,12.7,0.9,0.8,SD,,Gammarus,pulex
ID_0392,Gammarid,Gammarus pulex,-31.3,11.8,1.2,1,SD,,Gammarus,pulex
ID_0393,Gammarid,Gammarus pulex,-32.9,13.7,1.2,0.8,SD,,Gammarus,pulex
ID_0394,Gammarid,Gammarus pulex,-30.2,13.6,0.4,0.6,SD,,Gammarus,pulex
ID_0395,Gammarid,Gammarus pulex,-30.9,12,0.6,0.7,SD,,Gammarus,pulex
ID_0587,Gammarid,Gammarus pulex,-30.31,15.32,1.16,1.6,SD,6,Gammarus,pulex
ID_0435,Gammarid,Gammarus tigrinus,-29.52,14.33,1.81,3.23,SD,,Gammarus,tigrinus
ID_0436,Gammarid,Gammarus tigrinus,-26.63,10.48,0.43,0.65,SD,,Gammarus,tigrinus
ID_0167,Crustacean_mollusk,Ganiopsis cruentata,-24.22,5.94,2.33,0.81,SD,3,Ganiopsis,cruentata
ID_0524,Bivalve_sp4,Geloina coaxans,-24.3,7.1,0.3,0.3,SD,4,Geloina,coaxans
ID_0524,Bivalve_sp2,Glauconome virens,-21.3,9.2,0.5,0.5,SD,11,Glauconome,virens
ID_0057,Mayfly,Habrophlebiodes gilliesi,-26.31,2.29,,,,1,Habrophlebiodes,gilliesi
ID_0812,Aquatic grazer gastropod,Heliobia australis,-22.4,6.9,0.7,0.1,SD,2,Heliobia,australis
ID_0813,Aquatic grazer gastropod,Heliobia australis,-12.3,3.2,0.4,0.1,SD,6,Heliobia,australis
ID_0814,Aquatic grazer gastropod,Heliobia australis,-20.1,5.4,,,SD,1,Heliobia,australis
ID_0520,Crab,Helograpsus haswellianus,-16.3,6.6,0.9,0.8,SD,11,Helograpsus,haswellianus
ID_0714,Dragonfly,Hemicordulia australiae,-25.51,10.29,,,SD,1,Hemicordulia,australiae
ID_0202,Mysid,Hemimysis anomala,-20.84,9.76,1.32,0.97,SE,8,Hemimysis,anomala
ID_0203,Mysid,Hemimysis anomala,-19.36,11.37,0.54,0.07,SE,3,Hemimysis,anomala
ID_0714,Ostracod,Herpetocypris pascheri,-16.6,11.85,,,SD,1,Herpetocypris,pascheri
ID_0716,Ostracod,Herpetocypris pascheri,-27.5,7.49,,,SD,1,Herpetocypris,pascheri
ID_0717,Ostracod,Herpetocypris pascheri,-22.37,7.14,,,SD,1,Herpetocypris,pascheri
ID_0719,Ostracod,Herpetocypris pascheri,-20.65,9.33,,,SD,1,Herpetocypris,pascheri
ID_0722,Ostracod,Herpetocypris pascheri,-24.94,4.05,,,SD,1,Herpetocypris,pascheri
ID_0391,Caddisfly,Holocentropus dubius,-32.2,16.6,0.8,0.5,SD,,Holocentropus,dubius
ID_0714,Caddisfly,Hudsonema alienum,-28.02,11.84,,,SD,1,Hudsonema,alienum
ID_0716,Caddisfly,Hudsonema alienum,-30.28,7.92,,,SD,1,Hudsonema,alienum
ID_0717,Caddisfly,Hudsonema alienum,-28.55,8.71,,,SD,1,Hudsonema,alienum
ID_0719,Caddisfly,Hudsonema alienum,-30.26,10.08,,,SD,1,Hudsonema,alienum
ID_0720,Caddisfly,Hudsonema alienum,-33.52,5.02,,,SD,1,Hudsonema,alienum
ID_0721,Caddisfly,Hudsonema alienum,-29.44,8.55,,,SD,1,Hudsonema,alienum
ID_0723,Caddisfly,Hudsonema alienum,-27.82,4.22,,,SD,1,Hudsonema,alienum
ID_0153,Macrophyte,Hydrilla verticillata,-15.2,7.9,0.2,0.1,SD,2,Hydrilla,verticillata
ID_0925,Macrophyte,Hydrilla verticillata,-25.45,0.28,,,SD,1,Hydrilla,verticillata
ID_0926,Macrophyte,Hydrilla verticillata,-28.4,3.55,,,SD,1,Hydrilla,verticillata
ID_0927,Macrophyte,Hydrilla verticillata,-25.23,2.47,,,SD,1,Hydrilla,verticillata
ID_0930,Macrophyte,Hydrilla verticillata,-29.11,4.7,,,SD,1,Hydrilla,verticillata
ID_0933,Macrophyte,Hydrilla verticillata,-28.16,7.55,,,SD,1,Hydrilla,verticillata
ID_0839,Macrophyte Hydrilla ,Hydrilla verticillata,-19.91,4.15,2.64,0.72,SD,,Hydrilla,verticillata
ID_0721,Caddisfly,Hydrobiosis frater,-35.65,10.54,,,SD,1,Hydrobiosis,frater
ID_0713,Caddisfly,Hydrobiosis parumbripennis,-22.59,7.43,,,SD,1,Hydrobiosis,parumbripennis
ID_0714,Caddisfly,Hydrobiosis parumbripennis,-26.19,12.67,0,0,SD,2,Hydrobiosis,parumbripennis
ID_0715,Caddisfly,Hydrobiosis parumbripennis,-35.78,8.68,0.54,0.18,SD,2,Hydrobiosis,parumbripennis
ID_0717,Caddisfly,Hydrobiosis parumbripennis,-29.5,9.37,0.47,0.56,SD,2,Hydrobiosis,parumbripennis
ID_0718,Caddisfly,Hydrobiosis parumbripennis,-31.82,10.55,1,0.06,SD,3,Hydrobiosis,parumbripennis
ID_0720,Caddisfly,Hydrobiosis parumbripennis,-32.64,5.91,0.28,0.22,SD,6,Hydrobiosis,parumbripennis
ID_0721,Caddisfly,Hydrobiosis parumbripennis,-32.93,10.25,0.8,0.64,SD,3,Hydrobiosis,parumbripennis
ID_0813,C3 plant,Hydrocotile ranuculoides,-24.6,5.2,1,1.3,SD,3,Hydrocotile,ranuculoides
ID_0063,Net-spinning caddisfly,Hydropsyche angustipennis,-40.41,16.75,,,,1,Hydropsyche,angustipennis
ID_0436,Net-spinning caddisfly,Hydropsyche bulgaromanorum,-29.27,10.95,2.76,0.07,SD,,Hydropsyche,bulgaromanorum
ID_0127,Net-spinning caddisfly,Hydropsyche orris,-30.63,12.3,0.14,0.2,SE,,Hydropsyche,orris
ID_0128,Net-spinning caddisfly,Hydropsyche orris,-29.9,15.76,0.24,0.68,SE,,Hydropsyche,orris
ID_0061,Net-spinning caddisfly,Hydropsyche pellucidula,-32.89,5.37,,,,1,Hydropsyche,pellucidula
ID_0063,Net-spinning caddisfly,Hydropsyche pellucidula,-39.15,15.12,,,,1,Hydropsyche,pellucidula
ID_0061,Net-spinning caddisfly,Hydropsyche siltalai,-34.86,5.04,,,,1,Hydropsyche,siltalai
ID_0063,Net-spinning caddisfly,Hydropsyche siltalai,-39.47,14.8,,,,1,Hydropsyche,siltalai
ID_0436,Worm,Hypania invalida,-26.4,9.38,,,,1,Hypania,invalida
ID_0407,Terrestrial plant,I. aquatica,-29.19,9.21,,,,1,Ipomoea,aquatica
ID_0409,Terrestrial plant,I. aquatica,-29.69,1.83,,,,1,Ipomoea,aquatica
ID_0411,Terrestrial plant,I. aquatica,-28.92,2.11,,,,1,Ipomoea,aquatica
ID_0413,Terrestrial plant,I. aquatica,-29.05,1.79,,,,1,Ipomoea,aquatica
ID_0724,Mayfly,Ichthybotus hudsoni,-25.41,2.92,,,SD,1,Ichthybotus,hudsoni
ID_0390,Notonectids,Ilyocoris cinicoides,-33.2,15.9,1.3,1.3,SD,,Ilyocoris,cinicoides
ID_0391,Notonectids,Ilyocoris cinicoides,-30.9,12.1,0.5,0.1,SD,,Ilyocoris,cinicoides
ID_0106,Terrestrial plant,Ischaemum polystachium,-26.9,3.8,1.8,0.6,SE,4,Ischaemum,polystachium
ID_0107,Terrestrial plant,Ischaemum polystachium,-26.9,3.8,1.8,0.6,SE,4,Ischaemum,polystachium
ID_0436,Isopod,Jaera istri,-26.68,10.88,0.48,0.83,SD,15,Jaera,istri
ID_0524,Mangrove leaf_sp1,Kandelia obovata,-27.2,1.6,0.9,0.9,SD,9,Kandelia,obovata
ID_0495,Decapod,Kinsleya cf. ytupora,-28.75,10.14,0.54,0.07,SD,6,Kinsleya,ytupora
ID_0167,Plant,Laguncularia racemosa,-28.39,5.1,1.16,3.54,SD,3,Laguncularia,racemosa
ID_0015,Aquatic invertebrate,Lanistes ovum,-26.93,5.2,1.68,1.15,SD,3,Lanistes,ovum
ID_0524,Bivalve_sp3,Laternula truncata,-24.6,5.7,0.7,0.8,SD,3,Laternula,truncata
ID_0293,Shrimp,Leander modestus,-20.81,11.49,0.15,0.26,SE,3,Leander,modestus
ID_0294,Shrimp,Leander modestus,-21.71,9.44,,,,1,Leander,modestus
ID_0406,Terrestrial plant,Leea indica,-29.86,-2.09,1.98,1.5,SD,3,Leea,indica
ID_0291,Lesser duckweed,Lemna minor,-25.62,3.71,,,,1,Lemna,minor
ID_0293,Macrophyte,Lemna minor,-25.62,9.69,,,,1,Lemna,minor
ID_0294,Macrophyte,Lemna minor,-27.2,10.01,,,,1,Lemna,minor
ID_0190,Copepod,Leptodiaptomus ashlandi,-29.2,5.15,0.2,0.05,SE,2,Leptodiaptomus,ashlandi
ID_0190,Cladoceran,Leptodoa kindti,-30.28,7.49,0.18,0.36,SE,9,Leptodoa,kindti
ID_0469,Limnephilus marmoratus,Limnephilus marmoratus,-28.3,4.3,,,,1,Limnephilus,marmoratus
ID_0470,Limnephilus marmoratus,Limnephilus marmoratus,-29.9,2,,,,1,Limnephilus,marmoratus
ID_0153,Annelid,Limnodrilus hoffmeisteri,-23.8,12.4,,,,1,Limnodrilus,hoffmeisteri
ID_0521,Bivalve,Limnoperna lacustris,-23.93,4.43,0.18,0.08,SD,3,Limnoperna,lacustris
ID_0524,Gastropod_sp4,Littoraria melanostoma,-22.1,4.1,0.6,2.8,SD,10,Littoraria,melanostoma
ID_0167,Plant,Lonchocarpus hondurensis,-26.29,4.56,5.08,3.69,SD,4,Lonchocarpus,hondurensis
ID_0519,Otter,Lutra lutra,-24.56,10.95,0.63,0.9,SD,5,Lutra,lutra
ID_0390,Gastropod,Lymnae stagnalis,-31.1,16.6,1.3,1.1,SD,,Lymnae,stagnalis
ID_0391,Gastropod,Lymnae stagnalis,-33.6,12.3,,,,1,Lymnae,stagnalis
ID_0392,Gastropod,Lymnae stagnalis,-30.9,11.7,0.4,0.3,SD,,Lymnae,stagnalis
ID_0394,Gastropod,Lymnae stagnalis,-30.3,14.2,0.4,0.4,SD,,Lymnae,stagnalis
ID_0103,Gastropod,Lymnaea peregra,-29.95,10.32,0.37,0.96,SD,,Lymnaea,peregra
ID_0155,Gastropod,Lymnaea stagnalis,,,,,,,Lymnaea,stagnalis
ID_0156,Gastropod,Lymnaea stagnalis,,,,,,,Lymnaea,stagnalis
ID_0157,Gastropod,Lymnaea stagnalis,,,,,,,Lymnaea,stagnalis
ID_0158,Gastropod,Lymnaea stagnalis,,,,,,,Lymnaea,stagnalis
ID_0149,Purple loosestrife,Lythrum salicaria,-28,2.9,0.6,0,max-min,4,Lythrum,salicaria
ID_0436,Macrophyte,Lytrhum salicaria,-27.06,4.83,,,,1,Lytrhum,salicaria
ID_0406,Terrestrial plant,Macaranga aleuritoides,-28.9,-2.5,1.34,0.77,SD,3,Macaranga,aleuritoides
ID_0378,Shrimp,Macrobrachium asperulum,-20.66,4.69,0.74,0.21,,5,Macrobrachium,asperulum
ID_0020,Shrimp,Macrobrachium carcinus,-20.13,7.31,1.03,0.37,SD,2,Macrobrachium,carcinus
ID_0020,Shrimp,Macrobrachium crenulatum,-23.75,5.76,,,,1,Macrobrachium,crenulatum
ID_0199,Shrimp,Macrobrachium equidens,-24.69,14.93,0.59,0.1,SD,37,Macrobrachium,equidens
ID_0272,Shrimp,Macrobrachium grandimanus,-22.34,8.82,1.4,0.15,SD,3,Macrobrachium,grandimanus
ID_0273,Shrimp,Macrobrachium grandimanus,-23.7,7.34,0.51,0.24,SD,3,Macrobrachium,grandimanus
ID_0274,Shrimp,Macrobrachium grandimanus,-22.82,8.68,0.81,0.97,SD,3,Macrobrachium,grandimanus
ID_0057,Shrimp,Macrobrachium hainanense,-24.71,6.42,,,,1,Macrobrachium,hainanense
ID_0271,Shrimp,Macrobrachium lar,-22.43,9.02,0.37,0.68,SD,3,Macrobrachium,lar
ID_0272,Shrimp,Macrobrachium lar,-21.61,9.39,0.75,1.57,SD,3,Macrobrachium,lar
ID_0274,Shrimp,Macrobrachium lar,-22.95,9.09,,,,1,Macrobrachium,lar
ID_0275,Shrimp,Macrobrachium lar,-24.28,10.97,0.31,1.04,SD,3,Macrobrachium,lar
ID_0276,Shrimp,Macrobrachium lar,-24.93,9.78,0.67,0.89,SD,5,Macrobrachium,lar
ID_0519,Shrimp,Macrobrachium nipponens,-24.74,9.57,1.34,1.27,SD,16,Macrobrachium,nipponens
ID_0153,Shrimp,Macrobrachium nipponense,-22.4,12.5,0.2,0.4,SD,3,Macrobrachium,nipponense
ID_0459,Shrimp,Macrobrachium nipponense,-22.69,9.86,1.53,1.73,SD,21,Macrobrachium,nipponense
ID_0500,Shrimp,Macrobrachium nipponense,-28.16,9.58,0.59,1.18,SD,50,Macrobrachium,nipponense
ID_0698,Shrimp,Macrobrachium nipponense,-22.8,12.7,0.2,0.2,SD,3,Macrobrachium,nipponense
ID_0700,Shrimp,Macrobrachium nipponense,-27.7,10,0.1,0.1,SD,2,Macrobrachium,nipponense
ID_0839,Shrimp,Macrobrachium nipponense,-22.82,9.76,1.32,0,SD,,Macrobrachium,nipponense
ID_0101,Shrimp,Macrobrachium nipponensis,-26.83,15.69,0.32,0.45,SE,5,Macrobrachium,nipponensis
ID_0102,Shrimp,Macrobrachium nipponensis,-24.83,15.22,0.95,0.26,SE,6,Macrobrachium,nipponensis
ID_0567,Shrimp,Macrobrachium nipponensis,-23.7,14.7,1.5,0.6,SD,5,Macrobrachium,nipponensis
ID_0412,,M. rosen,-30.83,8.25,,,,1,Macrobrachium,rosenbergii
ID_0199,Shrimp,Macrobrachium rosenbergii,-24.09,12.6,1.07,1.29,SD,5,Macrobrachium,rosenbergii
ID_0254,Shrimp,Macrobrachium rosenbergii,-25.96,8.19,,,,1,Macrobrachium,rosenbergii
ID_0255,Shrimp,Macrobrachium rosenbergii,-25.84,10.25,,,,1,Macrobrachium,rosenbergii
ID_0256,Shrimp,Macrobrachium rosenbergii,-26.75,10.43,0.99,0.92,SD,,Macrobrachium,rosenbergii
ID_0257,Shrimp,Macrobrachium rosenbergii,-23.06,9.11,,,,1,Macrobrachium,rosenbergii
ID_0406,Shrimp,Macrobrachium rosenbergii,-27.38,7.14,1.13,1.18,SD,15,Macrobrachium,rosenbergii
ID_0504,Shrimp,Macrobrachium rosenbergii,-27.37,17.1,0.15,0.19,SD,,Macrobrachium,rosenbergii
ID_0524,Shrimp_sp1,Macrobrachium rosenbergii,-19.5,10.9,1.2,0.3,SD,8,Macrobrachium,rosenbergii
ID_0199,Shrimp,Macrobrachium tenuis,-23.39,10.91,0.69,0.52,SD,7,Macrobrachium,tenuis
ID_0021,Shrimp,Macrobranchium acanthurus adult,-22.3,9.2,,,,1,Macrobranchium,acanthurus
ID_0021,Shrimp,Macrobranchium acanthurus juvenile,-20.1,9.2,,,,1,Macrobranchium,acanthurus
ID_0025,Shrimp,Macrobranchium australiense,-24.76,10.45,0.34,0.6,SD,,Macrobranchium,australiense
ID_0026,Shrimp,Macrobranchium australiense,-23.61,11.66,0.95,0.36,SD,,Macrobranchium,australiense
ID_0064,Shrimp,Macrobranchium australiense,-28.7,,0.5,,SE,,Macrobranchium,australiense
ID_0065,Shrimp,Macrobranchium australiense,-19.6,,0.8,,SE,,Macrobranchium,australiense
ID_0066,Shrimp,Macrobranchium australiense,-18,,0.3,,SE,,Macrobranchium,australiense
ID_0067,Shrimp,Macrobranchium australiense,-20.4,,0.8,,SE,2,Macrobranchium,australiense
ID_0068,Shrimp,Macrobranchium australiense,-20.6,,0.1,,SE,,Macrobranchium,australiense
ID_0069,Shrimp,Macrobranchium australiense,-20.6,,0.4,,SE,,Macrobranchium,australiense
ID_0070,Shrimp,Macrobranchium australiense,-23.05,,0.65,,SE,2,Macrobranchium,australiense
ID_0071,Shrimp,Macrobranchium australiense,-23.1,,1.1,,SE,2,Macrobranchium,australiense
ID_0072,Shrimp,Macrobranchium australiense,-23.2,,0.3,,SE,,Macrobranchium,australiense
ID_0073,Shrimp,Macrobranchium australiense,-22,,0.3,,SE,,Macrobranchium,australiense
ID_0074,Shrimp,Macrobranchium australiense,-25.5,,0.5,,SE,,Macrobranchium,australiense
ID_0075,Shrimp,Macrobranchium australiense,-23.6,,0.2,,SE,,Macrobranchium,australiense
ID_0076,Shrimp,Macrobranchium australiense,-21.3,,0.6,,SE,,Macrobranchium,australiense
ID_0021,Shrimp,Macrobranchium carcinus,-19.2,10.2,,,,1,Macrobranchium,carcinus
ID_0021,Shrimp,Macrobranchium crenulatum,-23.1,9.2,0.4,0.2,SD,6,Macrobranchium,crenulatum
ID_0021,Shrimp,Macrobranchium faustinum,-21.5,9,0.2,0.1,SD,6,Macrobranchium,faustinum
ID_0021,Shrimp,Macrobranchium heterochirus,-22.4,9.1,1.1,0.2,SD,5,Macrobranchium,heterochirus
ID_0521,Shrimp,Macrobranchium nipponense,-22.94,4.12,0.18,0.04,SD,3,Macrobranchium,nipponense
ID_0204,Amphipod,Macrohectopus branickii,-25.77,7.76,0.78,1.01,SD,,Macrohectopus,branickii
ID_0607,Agile wallaby,Macropus agilis,-14.99,5.05,0.83,0.16,SD,2,Macropus,agilis
ID_0453,Zooplankton,Mangolodiaptomus birulai,-31.15,4.86,,,,1,Mangolodiaptomus,birulai
ID_0702,Terrestrial plant,Melaleuca argentea,-29.84,2.64,0.12,0.35,SD,,Melaleuca,argentea
ID_0703,Terrestrial plant,Melaleuca argentea,-30.04,4.01,0.12,0.09,SD,,Melaleuca,argentea
ID_0704,Terrestrial plant,Melaleuca argentea,-27.96,2.81,0.08,0.15,SD,,Melaleuca,argentea
ID_0009,Gastropod,Melanoides nodicincta,-14.2,2.3,,,,1,Melanoides,nodicincta
ID_0021,Gastropod,Melanoides tuberculata,-17.5,7,0.5,0.1,SD,2,Melanoides,tuberculata
ID_0271,Gastropod,Melanoides tuberculata,-24.15,7.01,0.27,0.81,SD,3,Melanoides,tuberculata
ID_0272,Gastropod,Melanoides tuberculata,-18.19,4.56,0.74,1.43,SD,3,Melanoides,tuberculata
ID_0273,Gastropod,Melanoides tuberculata,-17.46,5.31,4.27,1.32,SD,3,Melanoides,tuberculata
ID_0274,Gastropod,Melanoides tuberculata,-21.74,5.63,2.64,0.51,SD,3,Melanoides,tuberculata
ID_0275,Gastropod,Melanoides tuberculata,-23.43,10.34,,,,1,Melanoides,tuberculata
ID_0276,Gastropod,Melanoides tuberculata,-26.61,7.81,0.4,0.6,SD,3,Melanoides,tuberculata
ID_0689,Gastropod,Melanoides tuberculata,-23.57,4.77,1.68,0.3,SD,3,Melanoides,tuberculata
ID_0690,Gastropod,Melanoides tuberculata,-21.63,8.18,3.75,0.83,SD,6,Melanoides,tuberculata
ID_0859,Gastropod,Melanoides tuberculata,-18.26,2.8,0.78,0.27,SD,3,Melanoides,tuberculata
ID_0861,Gastropod,Melanoides tuberculata,-19.93,6.48,1.76,0.11,SD,3,Melanoides,tuberculata
ID_0862,Gastropod,Melanoides tuberculata,-21.12,6.39,0.95,0.09,SD,2,Melanoides,tuberculata
ID_0863,Gastropod,Melanoides tuberculata,-18.71,5.5,1.65,0.3,SD,3,Melanoides,tuberculata
ID_0864,Gastropod,Melanoides tuberculata,-25.82,7.52,3.29,0.89,SD,6,Melanoides,tuberculata
ID_0989,Cockchafer,Melolontha melolontha,-27.44,5.27,0.04,0.06,SD,2,Melolontha,melolontha
ID_0524,Shrimp_sp2,Metapenaeus joyneri,-19.8,11,0.3,0.3,SD,6,Metapenaeus,joyneri
ID_0524,Crab_sp4,Metaplax elegans,-16.7,3.3,1.3,0.7,SD,6,Metaplax,elegans
ID_0524,Crab_sp5,Metaplax longipes,-18.5,9.9,1.1,0.3,SD,11,Metaplax,longipes
ID_0524,Crab_sp1,Metopograpsus messor,-22.7,5,0.9,1,SD,6,Metopograpsus,messor
ID_0519,Pygmy cormorant,Microcarbo pygmaeus,-23.48,10.02,1.53,0.38,SD,2,Microcarbo,pygmaeus
ID_0733,Macrophyte,Mimulus guttatus,-37.42,3.85,,,SD,1,Mimulus,guttatus
ID_0736,Macrophyte,Mimulus guttatus,-36.92,4.12,,,SD,1,Mimulus,guttatus
ID_0737,Macrophyte,Mimulus guttatus,-35.69,4.03,,,SD,1,Mimulus,guttatus
ID_0739,Macrophyte,Mimulus guttatus,-37.18,4.54,,,SD,1,Mimulus,guttatus
ID_0740,Macrophyte,Mimulus guttatus,-37.72,4.42,,,SD,1,Mimulus,guttatus
ID_0024,Coypu,Myocastor coypus Molina,-21.33,6.48,1.21,0.83,SE,,Myocastor,coypus
ID_0460,Opossum shrimp juvenile,Mysis diluviana,-29.8,2.3,0.1,0.1,SD,,Mysis,diluviana
ID_0460,Shrimp,Mysis diluviana,-30.1,4,0.1,0.1,SD,,Mysis,diluviana
ID_0001,Mysid,Mysis relicta,-25.11,4.22,0.24,0.19,SE,5,Mysis,relicta
ID_0002,Mysid,Mysis relicta,-27,4.31,0.24,0.19,SE,5,Mysis,relicta
ID_0003,Mysid,Mysis relicta,-23.5,3.19,0.24,0.19,SE,5,Mysis,relicta
ID_0004,Mysid,Mysis relicta,-26.46,4.48,0.24,0.19,SE,5,Mysis,relicta
ID_0098,Mysid,Mysis relicta,-27.26,5.44,0.37,0.22,SE,10,Mysis,relicta
ID_0478,Mysid,Mysis relicta,-31.1,5.8,0.6,0.2,SE,13,Mysis,relicta
ID_0094,Shrimp,Mysis relicta,-28.2,,,,,5,Mysis,relicta
ID_0095,Shrimp,Mysis relicta,-27.1,9.6,,,,6,Mysis,relicta
ID_0096,Shrimp,Mysis relicta,-30.4,8.75,,,,2,Mysis,relicta
ID_0526,Decapod,Nassarius olivaceus,-28.3,6.92,2.52,1.05,SD,8,Nassarius,olivaceus
ID_0524,Gastropod_sp6,Nassarius olivaceus,-20.6,8.3,,,,2,Nassarius,olivaceus
ID_0519,Dice snake,Natrix tessellate,-24.83,0.66,0.17,1.22,SD,3,Natrix,tessellate
ID_0406,Terrestrial plant,Nauclea orientalis,-28.71,4.57,2.11,1.24,SD,3,Nauclea,orientalis
ID_0275,Shrimp,Neocaridina denticulata sinensis,-26.49,9.96,1.74,0.43,SD,3,Neocaridina,denticulata
ID_0723,Mayfly,Neozephlebia scita,-27.51,4.07,,,SD,1,Neozephlebia,scita
ID_0724,Mayfly,Neozephlebia scita,-26.72,1.41,,,SD,1,Neozephlebia,scita
ID_0524,Polychaete_sp2,Nephthys polybranchia,-26.8,8.7,,,,2,Nephthys,polybranchia
ID_0339,Gastropod,Pomacea snail Neritina latissima,-27.35,2.62,1.66,0.8,SE,,Neritina,latissima
ID_0021,Gastropod,Neritina punctulata,-17.3,5.8,0.4,0.2,SD,6,Neritina,punctulata
ID_0715,Trichoptera,Neurochorema confusum,-38.85,6.58,,,SD,1,Neurochorema,confusum
ID_0718,Trichoptera,Neurochorema confusum,-36.62,10.26,,,SD,1,Neurochorema,confusum
ID_0721,Trichoptera,Neurochorema confusum,-39.8,10.28,,,SD,1,Neurochorema,confusum
ID_0592,Common backswimmer,Notodramadidae,-16.37,9.04,,,,1,Notonecta,glauca
ID_0833,Backswimmer,Notonectidae,-29.4,5.7,,,SD,1,Notonecta,glauca
ID_0496,Common backswimmer,Notonectidae,-29.18,7.96,,,,1,Notonecta,glauca
ID_0497,Common backswimmer,Notonectidae,-20.04,6.58,,,SD,1,Notonecta,glauca
ID_0596,Common backswimmer,Notonectidae,-29.75,10.44,,,,1,Notonecta,glauca
ID_0600,Common backswimmer,Notonectidae,-27.31,7.65,,,,1,Notonecta,glauca
ID_0606,Common backswimmer,Notonectidae,-28.82,3.89,2.21,0.11,SD,2,Notonecta,glauca
ID_0608,Common backswimmer,Notonectidae,-26.68,5.63,,,,1,Notonecta,glauca
ID_0610,Common backswimmer,Notonectidae,-26.63,1.75,,,,1,Notonecta,glauca
ID_0762,Common backswimmer,Notonectidae,-18.06,6.25,,,SD,1,Notonecta,glauca
ID_0763,Common backswimmer,Notonectidae,-20.04,5,,,SD,1,Notonecta,glauca
ID_0857,Common backswimmer,Notonectidae,-21.41,11.4,0,0,SE,,Notonecta,glauca
ID_0390,Notonectids,Notonecta viridis,-34.4,16.3,1.4,1.3,SD,,Notonecta,viridis
ID_0391,Notonectids,Notonecta viridis,-29.9,12.1,0.2,0.2,SD,,Notonecta,viridis
ID_0392,Notonectids,Notonecta viridis,-31.8,13.8,0.4,0.1,SD,,Notonecta,viridis
ID_0393,Notonectids,Notonecta viridis,-31.4,11,0.4,0.3,SD,,Notonecta,viridis
ID_0394,Notonectids,Notonecta viridis,-31.3,12.5,1.4,0.9,SD,,Notonecta,viridis
ID_0395,Notonectids,Notonecta viridis,-32.1,14.6,1.3,0.2,SD,,Notonecta,viridis
ID_0064,Gastropod,Notopala sublineata,-15.4,,0.1,,SE,,Notopala,sublineata
ID_0065,Gastropod,Notopala sublineata,-18.5,,1,,SE,,Notopala,sublineata
ID_0066,Gastropod,Notopala sublineata,-23.5,,0.1,,SE,2,Notopala,sublineata
ID_0067,Gastropod,Notopala sublineata,-26.35,,0.85,,SE,2,Notopala,sublineata
ID_0068,Gastropod,Notopala sublineata,-27.45,,1.35,,SE,2,Notopala,sublineata
ID_0069,Gastropod,Notopala sublineata,-26.2,,,,,1,Notopala,sublineata
ID_0072,Gastropod,Notopala sublineata,-26.8,,0.1,,SE,2,Notopala,sublineata
ID_0073,Gastropod,Notopala sublineata,-24.7,,0.4,,SE,2,Notopala,sublineata
ID_0149,Waterlily,Nuphar advena,-24.3,1.8,1.2,0,max-min,4,Nuphar,advena
ID_0407,Macrophyte,N. giga,-27.53,6.32,,,,1,Nuphar,giga
ID_0408,Macrophyte,N. giga,-26.4,4.42,,,,1,Nuphar,giga
ID_0652,Macrophyte,Nuphar lutea,-28.42,5.63,,,SD,1,Nuphar,lutea
ID_0652,Macrophyte,Nuphar polysepala,-23.25,5.15,,,SD,1,Nuphar,polysepala
ID_0611,Macrophyte,Nymphoides modica,-25.07,4.25,,,,1,Nymphoides,modica
ID_0741,Caterpillar,Nymphula nitidulata,-30.89,13.44,0.22,0.18,SE,,Nymphula,nitidulata
ID_0184,Macrophyte,Nyphaea caerulea,-20.9,-0.8,,,,1,Nyphaea,caerulea
ID_0717,Caddisfly,Oecetis unicolor,-27.86,10.92,,,SD,1,Oecetis,unicolor
ID_0719,Caddisfly,Oecetis unicolor,-28.82,11.87,,,SD,1,Oecetis,unicolor
ID_0722,Caddisfly,Oecetis unicolor,-29.65,6.53,,,SD,1,Oecetis,unicolor
ID_0713,Horn-cased caddisfly,Olinga feredayi,-26.22,6.43,,,SD,1,Olinga,feredayi
ID_0715,Horn-cased caddisfly,Olinga feredayi,-28.82,7.44,,,SD,1,Olinga,feredayi
ID_0719,Horn-cased caddisfly,Olinga feredayi,-28.68,8.77,,,SD,1,Olinga,feredayi
ID_0721,Horn-cased caddisfly,Olinga feredayi,-29.89,8.64,,,SD,1,Olinga,feredayi
ID_0723,Horn-cased caddisfly,Olinga feredayi,-27.03,3.84,,,SD,1,Olinga,feredayi
ID_0724,Horn-cased caddisfly,Olinga feredayi,-25.4,1.39,,,SD,1,Olinga,feredayi
ID_0006,Crayfish,Orconectes limosus,-24.5,6,,,,23,Orconectes,limosus
ID_0024,Crayfish,Orconectes limosus,,,,,,,Orconectes,limosus
ID_0239,Crayfish,Orconectes limosus,-24.01,14.98,,,,1,Orconectes,limosus
ID_0240,Crayfish,Orconectes limosus,-23.66,14.53,1.19,1.58,SD,10,Orconectes,limosus
ID_0435,Crayfish,Orconectes limosus,-26.69,15.58,0.11,0.75,SD,8,Orconectes,limosus
ID_0436,Crayfish,Orconectes limosus,-26.69,13.56,1.4,0.28,SD,4,Orconectes,limosus
ID_0741,Crayfish,Orconectes limosus,-30.74,13.44,0.15,0.05,SE,,Orconectes,limosus
ID_0240,Crayfish juvenile,Orconectes limosus,-24.14,13.13,0.72,0.39,SD,3,Orconectes,limosus
ID_0113,Crayfish,Orconectes meeki,-24.6,2.31,0.6,0.23,SE,,Orconectes,meeki
ID_0114,Crayfish,Orconectes meeki,-23.4,2.72,0.4,0.23,SE,,Orconectes,meeki
ID_0115,Crayfish,Orconectes meeki,-23.58,2.69,1.1,0.37,SE,,Orconectes,meeki
ID_0116,Crayfish,Orconectes meeki,-22.94,1.2,0.27,0.61,SE,,Orconectes,meeki
ID_0117,Crayfish,Orconectes meeki,-21.71,1.5,0.93,0.21,SE,,Orconectes,meeki
ID_0118,Crayfish,Orconectes meeki,-26.75,2.84,0.92,0.52,SE,,Orconectes,meeki
ID_0119,Crayfish,Orconectes meeki,-24.9,3.47,1.62,0.65,SE,,Orconectes,meeki
ID_0120,Crayfish,Orconectes meeki,-26.28,3.25,0.45,0.38,SE,,Orconectes,meeki
ID_0121,Crayfish,Orconectes meeki,-22.4,2,0.34,0.25,SE,,Orconectes,meeki
ID_0122,Crayfish,Orconectes meeki,-24.44,2.73,0.78,0.38,SE,,Orconectes,meeki
ID_0123,Crayfish,Orconectes meeki,-22.22,4,2.11,1.42,SE,,Orconectes,meeki
ID_0124,Crayfish,Orconectes meeki,-24.62,3.81,0.49,0.37,SE,,Orconectes,meeki
ID_0125,Crayfish,Orconectes meeki,-26.24,3.72,0.65,0.18,SE,,Orconectes,meeki
ID_0133,Crayfish,Orconectes nais,-26.7,5.5,0.55,0.65,SE,,Orconectes,nais
ID_0134,Crayfish,Orconectes neglectus,-25.5,7.4,0.84,0.27,SE,3,Orconectes,neglectus
ID_0761,Zooplankton,Ostracoda Conchostraca,-14.72,6.32,,,SD,1,Ostracoda,Conchostraca
ID_0763,Zooplankton,Ostracoda Conchostraca,-19.33,5.9,,,SD,1,Ostracoda,Conchostraca
ID_0520,Bivalve,Ostrea angasi,-19.1,7,0.2,0.2,SD,7,Ostrea,angasi
ID_0714,Caddisfly,Oxyethira albiceps,-29.47,9.75,,,SD,1,Oxyethira,albiceps
ID_0720,Caddisfly,Oxyethira albiceps,-34.44,2.74,,,SD,1,Oxyethira,albiceps
ID_0722,Caddisfly,Oxyethira albiceps,-27.58,2.46,,,SD,1,Oxyethira,albiceps
ID_0636,Crayfish,Pacifastacus leniusculus,-21.29,10.72,,,SD,1,Pacifastacus,leniusculus
ID_0637,Crayfish,Pacifastacus leniusculus,-28.86,11.91,1.7,0.24,SD,2,Pacifastacus,leniusculus
ID_0638,Crayfish,Pacifastacus leniusculus,-27.71,6.54,1.73,1.6,SD,6,Pacifastacus,leniusculus
ID_0639,Crayfish,Pacifastacus leniusculus,-24.33,12.15,1.53,0.88,SD,13,Pacifastacus,leniusculus
ID_0641,Crayfish,Pacifastacus leniusculus,-23.14,9.1,2.06,0.8,SD,10,Pacifastacus,leniusculus
ID_0642,Crayfish,Pacifastacus leniusculus,-24.27,9.24,,,SD,1,Pacifastacus,leniusculus
ID_0644,Crayfish,Pacifastacus leniusculus,-22.94,7.07,0.88,0.48,SD,9,Pacifastacus,leniusculus
ID_0645,Crayfish,Pacifastacus leniusculus,-28.35,10.92,1.43,0.96,SD,7,Pacifastacus,leniusculus
ID_0647,Crayfish,Pacifastacus leniusculus,-23.48,7.63,1.42,0.68,SD,5,Pacifastacus,leniusculus
ID_0648,Crayfish,Pacifastacus leniusculus,-28.58,5.11,0.8,0.83,SD,9,Pacifastacus,leniusculus
ID_0649,Crayfish,Pacifastacus leniusculus,-24.17,12.12,1.08,0.45,SD,2,Pacifastacus,leniusculus
ID_0650,Crayfish,Pacifastacus leniusculus,-24.56,6.97,1.1,0.79,SD,8,Pacifastacus,leniusculus
ID_0651,Crayfish,Pacifastacus leniusculus,-24.85,9,0.43,0.64,SD,5,Pacifastacus,leniusculus
ID_0652,Crayfish,Pacifastacus leniusculus,-22.52,8.38,2.28,0.43,SD,6,Pacifastacus,leniusculus
ID_0655,Crayfish,Pacifastacus leniusculus,-25.59,10.12,2.64,1.86,SD,6,Pacifastacus,leniusculus
ID_0895,Crayfish,Pacifastacus leniusculus,-27.52,9.12,0.62,0.3,SD,27,Pacifastacus,leniusculus
ID_0159,Crayfish age0,Pacifastacus leniusculus,-17.76,11.32,,,,1,Pacifastacus,leniusculus
ID_0587,Signal Crayfish,Pacifastacus leniusculus,-31.88,16.19,1.55,0.79,SD,29,Pacifastacus,leniusculus
ID_0486,Shrimp,Palaemon antennarius,-26.7,12.7,0.2,0.2,SE,11,Palaemon,antennarius
ID_0435,Shrimp,Palaemon longirostris,-26.73,15.62,,,,1,Palaemon,longirostris
ID_0436,Shrimp,Palaemon longirostris,-26.75,15.22,0.07,0.89,SD,3,Palaemon,longirostris
ID_0567,Shrimp,Palaemon modestus,-24.5,12.6,1.1,1.5,SD,5,Palaemon,modestus
ID_0516,Shrimp,Palaemon serratus,-29.5,9.39,1.3,0.74,SD,3,Palaemon,serratus
ID_0517,Shrimp,Palaemon serratus,-23.4,14.4,0.4,0.5,SD,3,Palaemon,serratus
ID_0578,Shrimp,Palaemonetes antennarius,-14.01,6.15,0.78,0.75,SD,,Palaemonetes,antennarius
ID_0443,Shrimp,Palaemonetes argentinus,-24.39,7.31,0.21,0.27,SD,,Palaemonetes,argentinus
ID_0456,Shrimp,Palaemonetes argentinus,-22.4,3.2,,,,1,Palaemonetes,argentinus
ID_0813,Macrocrustacean,Palaeomonetes argentinus,-21.6,8.1,1.2,0.4,SD,15,Palaeomonetes,argentinus
ID_0814,Macrocrustacean,Palaeomonetes argentinus,-21,9,0.6,0.4,SD,6,Palaeomonetes,argentinus
ID_0276,Frog,Palea steindachneri,-20.96,10.99,,,,1,Palea,steindachneri
ID_0271,Herptofauna,Palea steindachneri,-20.64,10.46,,,,1,Palea,steindachneri
ID_0406,Macrophyte,Pandanus aquaticus,-30.76,4.69,0.36,1.51,SD,3,Pandanus,aquaticus
ID_0702,Terrestrial plant,Pandanus aquaticus,-27.01,4.61,0,0.3,SD,,Pandanus,aquaticus
ID_0703,Terrestrial plant,Pandanus aquaticus,-25.98,3.31,0.14,0.21,SD,,Pandanus,aquaticus
ID_0704,Terrestrial plant,Pandanus aquaticus,-28.82,3.43,0.03,0.12,SD,,Pandanus,aquaticus
ID_0520,Bivalve,Paphia undulata,-23,5,0.4,0.2,SD,2,Paphia,undulata
ID_0059,Amphipod,Paracalliope fluviatilis,-27.2,-0.5,,,,1,Paracalliope,fluviatilis
ID_0329,Amphipod,Paracalliope fluviatilis,-22.12,8.48,0.03,0.65,SE,,Paracalliope,fluviatilis
ID_0331,Amphipod,Paracalliope fluviatilis,-24.13,8.44,0.66,0.24,SE,,Paracalliope,fluviatilis
ID_0713,Amphipod,Paracalliope fluviatilis,-28.78,7.27,,,SD,1,Paracalliope,fluviatilis
ID_0715,Amphipod,Paracalliope fluviatilis,-30,6.11,,,SD,1,Paracalliope,fluviatilis
ID_0716,Amphipod,Paracalliope fluviatilis,-31.22,5.69,,,SD,1,Paracalliope,fluviatilis
ID_0717,Amphipod,Paracalliope fluviatilis,-28.85,7.76,,,SD,1,Paracalliope,fluviatilis
ID_0718,Amphipod,Paracalliope fluviatilis,-31.8,7.64,,,SD,1,Paracalliope,fluviatilis
ID_0719,Amphipod,Paracalliope fluviatilis,-32.05,8.24,,,SD,1,Paracalliope,fluviatilis
ID_0720,Amphipod,Paracalliope fluviatilis,-31.41,3.78,,,SD,1,Paracalliope,fluviatilis
ID_0721,Amphipod,Paracalliope fluviatilis,-32.07,7.14,,,SD,1,Paracalliope,fluviatilis
ID_0722,Amphipod,Paracalliope fluviatilis,-29.72,3.67,,,SD,1,Paracalliope,fluviatilis
ID_0824,Crayfish Koura all sampling,Paranephrops planifrons,-18.87,3.82,0.55,0.35,95%CI,1,Paranephrops,planifrons
ID_0717,Crayfish,Paranephrops zelandicus,-28.36,12.69,,,SD,1,Paranephrops,zelandicus
ID_0718,Crayfish,Paranephrops zelandicus,-31.04,11.58,0.72,0.23,SD,10,Paranephrops,zelandicus
ID_0721,Crayfish,Paranephrops zelandicus,-29.59,11.21,,,SD,1,Paranephrops,zelandicus
ID_0722,Crayfish,Paranephrops zelandicus,-28.02,7.81,,,SD,1,Paranephrops,zelandicus
ID_0329,Shrimp,Paratya curvirostris,-24.48,12.15,0.05,0.6,SE,,Paratya,curvirostris
ID_0331,Shrimp,Paratya curvirostris,-25.87,12.41,0.34,0.3,SE,,Paratya,curvirostris
ID_0715,Shrimp,Paratya curvirostris,-30.48,10.94,,,SD,1,Paratya,curvirostris
ID_0717,Shrimp,Paratya curvirostris,-28.78,11.91,,,SD,1,Paratya,curvirostris
ID_0718,Shrimp,Paratya curvirostris,-30.37,10.5,0.64,0.26,SD,11,Paratya,curvirostris
ID_0719,Shrimp,Paratya curvirostris,-30.11,10.35,,,SD,1,Paratya,curvirostris
ID_0721,Shrimp,Paratya curvirostris,-30.42,11.26,0.68,0.59,SD,7,Paratya,curvirostris
ID_0723,Shrimp,Paratya curvirostris,-27.47,8.42,,,SD,1,Paratya,curvirostris
ID_0835,Grass leaf,Paspalum repens,-12.67,5.62,,,SD,1,Paspalum,repens
ID_0836,Grass leaf,Paspalum repens,-12.67,5.62,,,SD,1,Paspalum,repens
ID_0835,Grass root,Paspalum repens,-13.52,2.53,,,SD,1,Paspalum,repens
ID_0836,Grass root,Paspalum repens,-13.52,2.53,,,SD,1,Paspalum,repens
ID_0519,Marsh frog,Pelophylax ridibundus,-23.2,8.05,2.16,1.03,SD,3,Pelophylax,ridibundus
ID_0524,Shrimp_sp3,Penaeus merguensis,-19,11.1,1.2,0.6,SD,11,Penaeus,merguensis
ID_0524,Shrimp_sp4,Penaeus monodon,-17.9,10.4,0.6,0.3,SD,5,Penaeus,monodon
ID_0760,River prawn Shrimp,Penaeus orientalis,-21.66,12.23,0.23,0.28,,,Penaeus,orientalis
ID_0133,Stonefly,Perlesta placida,,5.6,,0.6,SE,4,Perlesta,placida
ID_0406,Macrophyte C3 grass,Phragmites karka,-27.28,2.45,0.65,1.23,SD,3,Phragmites,karka
ID_0698,Gastropod,Physa acuta,-21.6,9.2,0.1,0.8,SD,3,Physa,acuta
ID_0699,Gastropod,Physa acuta,-23.7,10.8,0,0.3,SD,3,Physa,acuta
ID_0578,Gastropod,Physella acuta,-22.33,7.97,1.13,1.28,SD,,Physella,acuta
ID_0651,Terrestrial plant,Pinus contorta,-27.56,0.36,,,SD,1,Pinus,contorta
ID_0989,Leech,Piscicola geometra,-35.65,8.56,,,SD,1,Piscicola,geometra
ID_0990,Leech,Piscicola geometra,-33.68,8.86,,,SD,1,Piscicola,geometra
ID_0835,C3 macrophyte leaf,Pistia stratiotes,-29.7,2.09,,,SD,1,Pistia,stratiotes
ID_0836,C3 macrophyte leaf,Pistia stratiotes,-29.7,2.09,,,SD,1,Pistia,stratiotes
ID_0835,C3 macrophyte root,Pistia stratiotes,-29.86,3.06,,,SD,1,Pistia,stratiotes
ID_0836,C3 macrophyte root,Pistia stratiotes,-29.86,3.06,,,SD,1,Pistia,stratiotes
ID_0135,Macrophyte,Pistia stratiotes,-27.12,8.58,,,,,Pistia,stratiotes
ID_0436,Terrestrial plant,Plantago major,-28.8,4.49,,,,1,Plantago,major
ID_0470,Damselfly,Platycnemis pennipes,-32.35,4.7,2.76,0.57,SD,2,Platycnemis,pennipes
ID_0435,Bryozoan,Plumatella fungosa,-28.75,9.08,,,,1,Plumatella,fungosa
ID_0435,Bryozoan,Plumatella repens,-31.14,12.67,,,,1,Plumatella,repens
ID_0106,Terrestrial plant,Polygonium attenuatum,-30.3,3.3,,,,1,Polygonium,attenuatum
ID_0107,Terrestrial plant,Polygonium attenuatum,-30.3,3.3,,,,1,Polygonium,attenuatum
ID_0293,Macrophyte,Polygonum hydropiper,-28.19,5.46,0.51,1.59,SE,3,Polygonum,hydropiper
ID_0521,Waterpepper,Polygonum hydropiper,-30.15,4.71,0.38,1.23,SD,3,Polygonum,hydropiper
ID_0716,Caddisfly,Polyplectropus purelis,-32.56,8.61,,,SD,1,Polyplectropus,purelis
ID_0720,Caddisfly,Polyplectropus purelis,-32.04,6.39,0.27,0.08,SD,3,Polyplectropus,purelis
ID_0722,Caddisfly,Polyplectropus purelis,-29,6.56,,,SD,1,Polyplectropus,purelis
ID_0291,Gastropod,Pomacea canaliculata,-17.38,8.3,1.34,0.29,SE,3,Pomacea,canaliculata
ID_0292,Gastropod,Pomacea canaliculata,-22.96,8.05,0.51,0.37,SE,3,Pomacea,canaliculata
ID_0481,Gastropod,Pomacea canaliculata,-25.7,11.9,0.9,0.6,SD,,Pomacea,canaliculata
ID_0812,Gastropod,Pomacea canaliculata,-15.9,2.9,1.1,0.5,SD,6,Pomacea,canaliculata
ID_0813,Gastropod,Pomacea canaliculata,-22.2,4.3,3.4,0.4,SD,4,Pomacea,canaliculata
ID_0814,Gastropod,Pomacea canaliculata,-16,3.2,0.5,0.1,SD,2,Pomacea,canaliculata
ID_0021,Gastropod,Pomacea glauca,-24.3,5,1.7,0.1,SD,3,Pomacea,glauca
ID_0646,Terrestrial plant,Populus balsamifera,-29.81,8.89,,,SD,1,Populus,balsamifera
ID_0649,Terrestrial plant,Populus balsamifera,-29.36,4.23,0.36,1.63,SD,2,Populus,balsamifera
ID_0650,Terrestrial plant,Populus balsamifera,-31.29,7.13,,,SD,1,Populus,balsamifera
ID_0651,Terrestrial plant,Populus balsamifera,-30.76,2,1.15,1.27,SD,2,Populus,balsamifera
ID_0436,Sponge,Porifera gemmula,-30.19,13.35,1.1,1.02,SD,6,Porifera,gemmula
ID_0103,Macrophyte,Potamogeton berchtoldii,-23.65,7.35,0.61,0.39,SD,,Potamogeton,berchtoldii
ID_0714,Macrophyte,Potamogeton cheesmanii,-31.68,14.22,,,SD,1,Potamogeton,cheesmanii
ID_0294,Macrophyte,Potamogeton crassipes,-28.8,14.95,,,,1,Potamogeton,crassipes
ID_0293,Macrophyte,Potamogeton crispus,-18.9,8.66,,,,1,Potamogeton,crispus
ID_0714,Macrophyte,Potamogeton crispus,-33.24,14.08,,,SD,1,Potamogeton,crispus
ID_0868,Macrophyte,Potamogeton crispus,-33.26,20.7,0.57,0.41,SD,3,Potamogeton,crispus
ID_0925,Macrophyte,Potamogeton crispus,-25.12,2.36,,,SD,1,Potamogeton,crispus
ID_0926,Macrophyte,Potamogeton crispus,-25.01,2.85,,,SD,1,Potamogeton,crispus
ID_0927,Macrophyte,Potamogeton crispus,-26.95,4.38,,,SD,1,Potamogeton,crispus
ID_0928,Macrophyte,Potamogeton crispus,-27.12,13.63,,,SD,1,Potamogeton,crispus
ID_0930,Macrophyte,Potamogeton crispus,-29.52,5.08,,,SD,1,Potamogeton,crispus
ID_0931,Macrophyte,Potamogeton crispus,-21.95,8.7,,,SD,1,Potamogeton,crispus
ID_0934,Macrophyte,Potamogeton crispus,-33.66,11.21,,,SD,1,Potamogeton,crispus
ID_0149,Macrophyte_pondweed,Potamogeton foliosus,-21.8,4,1.3,0,max-min,5,Potamogeton,foliosus
ID_0839,Macrophyte_pondweed,Potamogeton maackianus,-18.97,6.02,0.94,1.39,SD,,Potamogeton,maackianus
ID_0153,Macrophyte,Potamogeton malaianaus,-16.3,7.6,0.2,0.2,SD,2,Potamogeton,malaianaus
ID_0839,Macrophyte_pondweed,Potamogeton malaianus,-18.2,6.26,0.72,1.63,SD,,Potamogeton,malaianus
ID_0838,Epiphyton Milfoil,Potamogeton natans,-27.4,10.31,0.41,0.51,SD,,Potamogeton,natans
ID_0741,Macrophyte,Potamogeton natans,-26.87,12.3,0.48,0.32,SE,,Potamogeton,natans
ID_0293,Macrophyte,Potamogeton pectinatus,-17.64,7.86,,,,1,Potamogeton,pectinatus
ID_0496,Macrophyte,Potamogeton pectinatus,-10.48,3.41,,,,1,Potamogeton,pectinatus
ID_0497,Plant,Potamogeton pectinatus,-7.22,2.09,0.07,0.49,SD,3,Potamogeton,pectinatus
ID_0490,Macrophyte,Potamogeton pusillus,-15.12,3.53,0.31,0.18,SD,5,Potamogeton,pusillus
ID_0184,Macrophyte,Potamogeton schweinfurthi,-22.17,1.63,,,,1,Potamogeton,schweinfurthi
ID_0328,Gastropod,Potamopyrgus antipodarum,,,,,,,Potamopyrgus,antipodarum
ID_0329,Gastropod,Potamopyrgus antipodarum,,,,,,,Potamopyrgus,antipodarum
ID_0330,Gastropod,Potamopyrgus antipodarum,,,,,,,Potamopyrgus,antipodarum
ID_0331,Gastropod,Potamopyrgus antipodarum,,,,,,,Potamopyrgus,antipodarum
ID_0713,Gastropod,Potamopyrgus antipodarum,-23.35,6.41,,,SD,1,Potamopyrgus,antipodarum
ID_0715,Gastropod,Potamopyrgus antipodarum,-28.75,8.86,,,SD,1,Potamopyrgus,antipodarum
ID_0716,Gastropod,Potamopyrgus antipodarum,-30.14,7.45,,,SD,1,Potamopyrgus,antipodarum
ID_0717,Gastropod,Potamopyrgus antipodarum,-27.15,9.85,,,SD,1,Potamopyrgus,antipodarum
ID_0718,Gastropod,Potamopyrgus antipodarum,-31.66,9.78,,,SD,1,Potamopyrgus,antipodarum
ID_0719,Gastropod,Potamopyrgus antipodarum,-30.96,9.77,,,SD,1,Potamopyrgus,antipodarum
ID_0720,Gastropod,Potamopyrgus antipodarum,-31.32,5.14,,,SD,1,Potamopyrgus,antipodarum
ID_0721,Gastropod,Potamopyrgus antipodarum,-31.21,9.02,,,SD,1,Potamopyrgus,antipodarum
ID_0722,Gastropod,Potamopyrgus antipodarum,-27.3,4.48,,,SD,1,Potamopyrgus,antipodarum
ID_0723,Gastropod,Potamopyrgus antipodarum,-24.13,5,,,SD,1,Potamopyrgus,antipodarum
ID_0733,Gastropod,Potamopyrgus antipodarum,-24.72,7.83,,,SD,1,Potamopyrgus,antipodarum
ID_0735,Gastropod,Potamopyrgus antipodarum,-30.51,6.73,,,SD,1,Potamopyrgus,antipodarum
ID_0737,Gastropod,Potamopyrgus antipodarum,-33.26,7.79,,,SD,1,Potamopyrgus,antipodarum
ID_0739,Gastropod,Potamopyrgus antipodarum,-23.64,7.73,,,SD,1,Potamopyrgus,antipodarum
ID_0740,Gastropod,Potamopyrgus antipodarum,-27.7,6.87,,,SD,1,Potamopyrgus,antipodarum
ID_0436,Macrophyte,Potentilla anserina,-28.8,5.78,,,,1,Potentilla,anserina
ID_0275,Crayfish,Procambarus clarkii,-21.72,8.72,2.34,1.29,SD,3,Procambarus,clarkii
ID_0276,Crayfish,Procambarus clarkii,-24.9,8.58,1.68,0.56,SD,4,Procambarus,clarkii
ID_0434,Crayfish,Procambarus clarkii,-27.4,17.9,1,1.2,SD,12,Procambarus,clarkii
ID_0459,Crayfish,Procambarus clarkii,-23.4,9.11,2.83,0.79,SD,15,Procambarus,clarkii
ID_0486,Crayfish,Procambarus clarkii,-23.1,13.7,0.5,0.2,SE,10,Procambarus,clarkii
ID_0500,Crayfish,Procambarus clarkii,-25.94,9.47,1.3,0.78,SD,30,Procambarus,clarkii
ID_0567,Crayfish,Procambarus clarkii,-23.4,14.7,1.3,1.4,SD,3,Procambarus,clarkii
ID_0578,Crayfish,Procambarus clarkii,-19.66,7.75,3.5,1.7,SD,,Procambarus,clarkii
ID_0640,Crayfish,Procambarus clarkii,-26.65,6.43,0.87,0.94,SD,8,Procambarus,clarkii
ID_0641,Crayfish,Procambarus clarkii,-24.37,7.85,1.81,0.67,SD,20,Procambarus,clarkii
ID_0642,Crayfish,Procambarus clarkii,-25.47,8.47,1.63,1.17,SD,9,Procambarus,clarkii
ID_0644,Crayfish,Procambarus clarkii,-24.05,6.14,2.75,0.57,SD,9,Procambarus,clarkii
ID_0651,Crayfish,Procambarus clarkii,-23.93,7.58,1.24,0.94,SD,7,Procambarus,clarkii
ID_0517,Crayfish <7cm,Procambarus clarkii,-23.65,15.5,1.05,1.55,SD,9,Procambarus,clarkii
ID_0516,Crayfish all sizes,Procambarus clarkii,-28.17,8.05,0.52,0.69,SD,6,Procambarus,clarkii
ID_0518,Crayfish all sizes,Procambarus clarkii,-23.08,13.2,1.21,0.46,SD,3,Procambarus,clarkii
ID_0470,Depressed river mussel,Pseudanodonta complanata,-33.67,2.27,0.46,0.21,SD,3,Pseudanodonta,complanata
ID_0715,Trichoptera,Psilochorema bidens,-31.48,8.74,,,SD,1,Psilochorema,bidens
ID_0720,Trichoptera,Psilochorema bidens,-32.59,6.22,,,SD,1,Psilochorema,bidens
ID_0721,Trichoptera,Psilochorema bidens,-31.23,11.36,,,SD,1,Psilochorema,bidens
ID_0713,Caddisfly,Pycnocentria evecta,-26.89,4.88,,,SD,1,Pycnocentria,evecta
ID_0714,Caddisfly,Pycnocentria evecta,-27.67,12.28,,,SD,1,Pycnocentria,evecta
ID_0715,Caddisfly,Pycnocentria evecta,-29.97,6.83,,,SD,1,Pycnocentria,evecta
ID_0718,Caddisfly,Pycnocentria evecta,-34.62,8.72,,,SD,1,Pycnocentria,evecta
ID_0719,Caddisfly,Pycnocentria evecta,-34.67,8.98,3.48,0.16,SD,2,Pycnocentria,evecta
ID_0721,Caddisfly,Pycnocentria evecta,-31.86,7.64,,,SD,1,Pycnocentria,evecta
ID_0723,Caddisfly,Pycnocentria evecta,-37.88,4.59,,,SD,1,Pycnocentria,evecta
ID_0060,Cased caddis,Pycnocentria evecta,-27.7,3.9,,,,1,Pycnocentria,evecta
ID_0293,Gastropod,Radix auricularia,-19.37,6.82,0.16,0.07,SE,,Radix,auricularia
ID_0699,Gastropod,Radix auricularia,-25.7,10.9,1.1,0.1,SD,2,Radix,auricularia
ID_0390,Gastropod,Radix balthica,-32.2,16.3,0.8,0.3,SD,,Radix,balthica
ID_0391,Gastropod,Radix balthica,-29.9,11,1.1,0.4,SD,,Radix,balthica
ID_0392,Gastropod,Radix balthica,-29.7,9.8,0.9,1,SD,,Radix,balthica
ID_0393,Gastropod,Radix balthica,-32.6,10.2,,,,1,Radix,balthica
ID_0394,Gastropod,Radix balthica,-32,15,0.6,0.4,SD,,Radix,balthica
ID_0395,Gastropod,Radix balthica,-29.4,13.3,0.5,0.7,SD,,Radix,balthica
ID_0276,Frog,Rana catesbeiana,-19.31,12.2,,,,1,Rana,catesbeiana
ID_0271,Herptofauna,Rana catesbeiana,-30.93,4.23,,,,1,Rana,catesbeiana
ID_0024,Frog,Rana esculenta,-25.9,8.04,0.05,0.09,SE,,Rana,esculenta
ID_0498,Frog,Rana nigromaculate,-23.18,7.46,0.09,0.03,SD,3,Rana,nigromaculate
ID_0499,Frog,Rana nigromaculate,-23.32,6.33,0.02,0.08,SD,2,Rana,nigromaculate
ID_0390,Water stick,Ranatra linearis,-34.1,18.8,0.5,0.2,SD,,Ranatra,linearis
ID_0394,Water stick,Ranatra linearis,-29.7,14.9,0.7,0.4,SD,,Ranatra,linearis
ID_0395,Water stick,Ranatra linearis,-33.2,12.3,0.8,0.6,SD,,Ranatra,linearis
ID_0990,Macrophyte,Ranunculus fluitans,-31.25,3.35,0.45,0.46,SD,2,Ranunculus,fluitans
ID_0608,Frog,Rhinella marina,-22.18,7.82,,,,1,Rhinella,marina
ID_0153,Annelid,Rhyacodrilus sinicus,-24.2,11.9,,,,1,Rhyacodrilus,sinicus
ID_0061,Blackfly hunter,Rhyacophila nubila,-33.17,5.85,,,,1,Rhyacophila,nubila
ID_0062,Blackfly hunter,Rhyacophila nubila,-28.37,12.36,,,,1,Rhyacophila,nubila
ID_0167,Plant,Rizophora mangle,-29.82,4.44,2.53,4.42,SD,3,Rizophora,mangle
ID_0436,Terrestrial plant,Rorippa sylvestris,-28.46,3.86,,,,1,Rorippa,sylvestris
ID_0436,Terrestrial plant,Rubus fruticosus,-28.88,4.02,,,,1,Rubus,fruticosus
ID_0104,Macrophyte terrestrial,Saccharum robustum,-12.4,-2.4,0.3,3.7,SE,2,Saccharum,robustum
ID_0105,Macrophyte terrestrial,Saccharum robustum,-12.4,-2.4,0.3,3.7,SE,2,Saccharum,robustum
ID_0106,Terrestrial plant,Saccharum robustum,-12,2.4,0.1,0.5,SE,2,Saccharum,robustum
ID_0107,Terrestrial plant,Saccharum robustum,-12,2.4,0.1,0.5,SE,2,Saccharum,robustum
ID_0520,Bivalve,Saccostrea glomerata,-21.2,6.6,1.3,0.5,SD,18,Saccostrea,glomerata
ID_0001,Isopod,Saduria entomon,-22,6.7,0.85,0.49,SE,2,Saduria,entomon
ID_0002,Isopod,Saduria entomon,-26.5,6.19,0.6,0.35,SE,4,Saduria,entomon
ID_0003,Isopod,Saduria entomon,-23.2,6.17,0.69,0.4,SE,3,Saduria,entomon
ID_0004,Isopod,Saduria entomon,-26.2,6.96,0.85,0.49,SE,2,Saduria,entomon
ID_0443,Emergent Macrophyte,Sagittaria montevidensis,-27.11,4.85,0.07,0.14,SD,,Sagittaria,montevidensis
ID_0436,Terrestrial plant,Salix alba,-27.81,3.89,1.19,2.73,SD,7,Salix,alba
ID_0432,Macrophyte,Salix caroliniana,-29.15,7.28,,,,1,Salix,caroliniana
ID_0646,Terrestrial plant,Salix lucida,-30.78,-2.37,,,SD,1,Salix,lucida
ID_0647,Terrestrial plant,Salix lucida,-29.99,0.94,,,SD,1,Salix,lucida
ID_0650,Terrestrial plant,Salix lucida,-31.59,7.7,,,SD,1,Salix,lucida
ID_0651,Terrestrial plant,Salix lucida,-32.55,2.81,1.47,1.55,SD,3,Salix,lucida
ID_0512,Cape silver willow,Salix mucronata,-27.8,6.6,0.9,1.2,SD,4,Salix,mucronata
ID_0149,Willow,Salix nigra,-28,-0.2,2.1,0,max-min,5,Salix,nigra
ID_0813,C3 plant,Salvinea herzogii,-29.1,3.8,0.4,0.2,SD,3,Salvinea,herzogii
ID_0814,C3 plant,Salvinea herzogii,-28.4,2.3,,,SD,1,Salvinea,herzogii
ID_0835,C3 macrophyte leaf,Salvinia auriculata,-30.38,3.92,,,SD,1,Salvinia,auriculata
ID_0836,C3 macrophyte leaf,Salvinia auriculata,-30.38,3.92,,,SD,1,Salvinia,auriculata
ID_0835,C3 macrophyte root,Salvinia auriculata,-34.74,4.4,,,SD,1,Salvinia,auriculata
ID_0836,C3 macrophyte root,Salvinia auriculata,-34.74,4.4,,,SD,1,Salvinia,auriculata
ID_0015,Floating macrophyte,Salvinia natans,-30.5,7,,,SD,1,Salvinia,natans
ID_0018,Floating macrophyte,Salvinia natans,-28.2,4.7,,,SD,1,Salvinia,natans
ID_0812,C3 plant,Schoenoplectus californicus,-25.3,-0.7,0.2,0.5,SD,3,Schoenoplectus,californicus
ID_0443,Emergent Macrophyte,Scirpus californicus,-26.96,5.88,1.28,0.15,SD,,Scirpus,californicus
ID_0135,Macrophyte,Scirpus californicus,-25.5,4.01,,,,,Scirpus,californicus
ID_0524,Crab_sp12,Scylla serrata,-19.4,10,1.8,0.5,SD,17,Scylla,serrata
ID_0378,Gastropod,Semilsucospira libertina,-22.5,0.17,1.1,0.19,,3,Semilsucospira,libertina
ID_0697,Gastropod,Semisulcospira gottschei,-20.6,10.9,0.1,0.2,SD,3,Semisulcospira,gottschei
ID_0698,Gastropod,Semisulcospira gottschei,-21.9,10.8,0.1,0.1,SD,3,Semisulcospira,gottschei
ID_0524,Crab_sp2,Sesarma dehaani,-22.6,7.8,0.8,0.9,SD,3,Sesarma,dehaani
ID_0293,Terrestrial plant,Setaria faberii,-11.2,,,,,1,Setaria,faberii
ID_0390,Alderfly,Sialis fuliginosa,-31.4,16.3,0.2,0.9,SD,,Sialis,fuliginosa
ID_0391,Alderfly,Sialis fuliginosa,-30.1,11.1,0.8,0.3,SD,,Sialis,fuliginosa
ID_0392,Alderfly,Sialis fuliginosa,-31.6,10.9,0.1,0.2,SD,,Sialis,fuliginosa
ID_0393,Alderfly,Sialis fuliginosa,-32.2,12.1,0.5,0.6,SD,,Sialis,fuliginosa
ID_0394,Alderfly,Sialis fuliginosa,-32.1,14.3,,,,1,Sialis,fuliginosa
ID_0395,Alderfly,Sialis fuliginosa,-28.4,11.8,0.9,0.2,SD,,Sialis,fuliginosa
ID_0190,Cladoceran,Sida crystallina,-28.93,3.56,0.39,0.25,SE,9,Sida,crystallina
ID_0716,Water boatman,Sigara arguta,-35.4,7.45,,,SD,1,Sigara,arguta
ID_0740,Water boatman,Sigara arguta,-32.62,7.56,,,SD,1,Sigara,arguta
ID_0521,Crab,Sinopotamon chishuiense,-23.09,7.15,0.34,0.69,SD,3,Sinopotamon,chishuiense
ID_0057,Coleoptera,Sinopsephenus chinensis,-25.2,0.39,1.31,0.27,SE,3,Sinopsephenus,chinensis
ID_0520,Bivalve,Soletellina alba,-19,4.7,0.2,0.3,SD,10,Soletellina,alba
ID_0524,Mangrove leaf_sp3,Sonneratia caseolaris,-29.9,2.4,0.5,0.2,SD,8,Sonneratia,caseolaris
ID_0250,Macrophyte,Spagnoticola trilobata,-32.16,7.22,,,,1,Spagnoticola,trilobata
ID_0741,Macrophyte,Sparganium emersum,-29.83,11.93,0.51,1.05,SE,,Sparganium,emersum
ID_0133,Mayfly,Stenonema femoratum,,4.2,,0.98,SE,3,Stenonema,femoratum
ID_0134,Mayfly,Stenonema femoratum,-30.9,5.5,0.52,0.11,SE,2,Stenonema,femoratum
ID_0724,Stonefly,Stenoperla prasina,-25.28,2.81,,,SD,1,Stenoperla,prasina
ID_0657,Bivalve,Stenopsyche marmorata,-21.7,1.9,0.9,0.1,SD,16,Stenopsyche,marmorata
ID_0658,Bivalve,Stenopsyche marmorata,-17.4,4.3,1.2,0.4,SD,16,Stenopsyche,marmorata
ID_0659,Bivalve,Stenopsyche marmorata,-23.9,-0.3,0.9,0.2,SD,16,Stenopsyche,marmorata
ID_0660,Bivalve,Stenopsyche marmorata,-25,-0.2,0.7,16,SD,16,Stenopsyche,marmorata
ID_0495,Freshwater_sponge,Sterrastrolepis brasiliensis,-31.75,9.8,0.42,0.15,SD,3,Sterrastrolepis,brasiliensis
ID_0569,Macrophyte,Stuckenia pectinata,-10.1,7,0.4,0.48,SD,,Stuckenia,pectinata
ID_0607,Wild boar,Sus scrofa,-21.54,5.36,0.56,0.57,SD,8,Sus,scrofa
ID_0519,Little grebe,Tachybaptus ruficollis,-21.69,8.84,3.91,0.29,SD,3,Tachybaptus,ruficollis
ID_0061,Stonefly,Taeniopteryx nebulosa,-36.55,1.63,,,,1,Taeniopteryx,nebulosa
ID_0436,Terrestrial plant,Taraxacum officinale,-29.43,2.6,,,,1,Taraxacum,officinale
ID_0810,Gastropod,Tarebia granifera,-27.73,13.15,1.45,1.51,SD,23,Tarebia,granifera
ID_0855,Gastropod,Tarebia granifera,-27.02,13.6,2.34,0.1,SE,,Tarebia,granifera
ID_0856,Gastropod,Tarebia granifera,-20.38,10.57,0.76,0,SE,,Tarebia,granifera
ID_0857,Gastropod,Tarebia granifera,-22.77,9.14,0,0,SE,,Tarebia,granifera
ID_0524,Gastropod_sp5,Terebralia sulcata,-19.6,9.3,2.5,0.9,SD,18,Terebralia,sulcata
ID_0006,Gastropod,Theodoxus fluviatilis,-18.7,5.1,,,,1,Theodoxus,fluviatilis
ID_0647,Terrestrial plant,Thuja plicata,-27.48,-1.31,,,SD,1,Thuja,plicata
ID_0648,Terrestrial plant,Thuja plicata,-29.06,-3.63,1.9,0.03,SD,2,Thuja,plicata
ID_0650,Terrestrial plant,Thuja plicata,-28.13,-3.45,,,SD,1,Thuja,plicata
ID_0651,Terrestrial plant,Thuja plicata,-28.21,-2.83,,,SD,1,Thuja,plicata
ID_0652,Terrestrial plant,Thuja plicata,-27.47,-3.79,,,SD,1,Thuja,plicata
ID_0901,Fruit,Thurniaceae fruit,-35.62,6.74,,,SD,1,Thurniaceae,fruit
ID_0905,Fruit ,Thurniaceae fruit,-33.3,2.31,,,SD,1,Thurniaceae,fruit
ID_0901,Leaf,Thurniaceae leaf,-37.54,8.95,3.6,0.48,SD,2,Thurniaceae,leaf
ID_0905,Leaf,Thurniaceae leaf,-32.33,3.81,0.09,2.71,SD,2,Thurniaceae,leaf
ID_0057,Mayfly,Torleya arenosa,-26.47,1.31,,,,1,Torleya,arenosa
ID_0520,Bivalve,Trichomya hirsuta,-20.4,4.6,1,0.7,SD,10,Trichomya,hirsuta
ID_0185,Copepod,Tropodiaptomus cunningtoni,-24.42,4.07,,,,1,Tropodiaptomus,cunningtoni
ID_0520,Shrimp,Trypaea australiensis,-17.3,7.3,0.7,0.1,SD,6,Trypaea,australiensis
ID_0647,Terrestrial plant,Tsuga heterophylla,-32.89,0.54,,,SD,1,Tsuga,heterophylla
ID_0654,Terrestrial plant,Tsuga heterophylla,-30.88,-3.41,,,SD,1,Tsuga,heterophylla
ID_0058,Terrestrial-Macrophyte,Tsuga heterophylla,,,,,,,Tsuga,heterophylla
ID_0459,Gastropod,Turbo fluctuosa,-27.55,8.63,1.95,0.63,SD,8,Turbo,fluctuosa
ID_0524,Crab_sp10,Uca acuta,-14.5,9,,,,2,Uca,acuta
ID_0524,Crab_sp11,Uca arcuata,-19,8.8,0.9,0.5,SD,7,Uca,arcuata
ID_0524,Crab_sp9,Uca borealis,-15.7,8.9,,,,2,Uca,borealis
ID_0524,Crab_sp8,Uca flammula,-16.3,9,,,,1,Uca,flammula
ID_0167,Crustacean_mollusk,Uca rapax,-27.99,8.32,0.83,1.32,SD,14,Uca,rapax
ID_0524,Crab_sp7,Uca urvillei,-17.1,8,0.5,0.6,SD,3,Uca,urvillei
ID_0567,Bivalve,Unio douglasiae,-28.1,9.5,0.6,0.7,SD,5,Unio,douglasiae
ID_0838,Painter's mussel,Unio pictorum,-32.76,8.78,0.51,0.71,SD,,Unio,pictorum
ID_0184,Macrophyte,Vallisneria aethiope,-12.01,-0.1,,,,1,Vallisneria,aethiope
ID_0569,Macrophyte,Vallisneria americana,-10,7.1,0.35,0.15,SD,,Vallisneria,americana
ID_0925,Macrophyte,Vallisneria nana,-24.02,2.07,,,SD,1,Vallisneria,nana
ID_0927,Macrophyte,Vallisneria nana,-20.11,3.98,,,SD,1,Vallisneria,nana
ID_0929,Macrophyte,Vallisneria nana,-17.35,7.98,,,SD,1,Vallisneria,nana
ID_0930,Macrophyte,Vallisneria nana,-22.1,7.09,,,SD,1,Vallisneria,nana
ID_0931,Macrophyte,Vallisneria nana,-24.02,7.94,,,SD,1,Vallisneria,nana
ID_0932,Macrophyte,Vallisneria nana,-22.22,3.38,,,SD,1,Vallisneria,nana
ID_0933,Macrophyte,Vallisneria nana,-22.12,7.75,,,SD,1,Vallisneria,nana
ID_0103,European valve gastropod,Valvata piscinalis,-28.76,11.71,0.5,0.41,SD,,Valvata,piscinalis
ID_0806,C4 grass,Vossia cuspidata,-11.7,3.8,0.4,1,SD,3,Vossia,cuspidata
ID_0806,C4 grass,Vossia cuspidata,-13,0.4,0.4,2.7,SD,2,Vossia,cuspidata
ID_0808,C4 grass,Vossia cuspidata,-12.9,3,0.2,1.3,SD,6,Vossia,cuspidata
ID_0809,C4 grass,Vossia cuspidata,-19.2,4.5,9.3,1,SD,2,Vossia,cuspidata
ID_0293,Terrestrial plant,Xanthium sibiricum,-27.16,,,,,1,Xanthium,sibiricum
ID_0717,Damselfly,Xanthocnemis zealandica,-28.57,10.46,,,SD,1,Xanthocnemis,zealandica
ID_0720,Damselfly,Xanthocnemis zealandica,-32.46,6.7,0.23,0.12,SD,2,Xanthocnemis,zealandica
ID_0722,Damselfly,Xanthocnemis zealandica,-30.31,6.55,,,SD,1,Xanthocnemis,zealandica
ID_0021,Shrimp adult,Xiphocaris elongata,-24.7,7.3,0.3,0.1,SD,3,Xiphocaris,elongata
ID_0021,Shrimp juvenile,Xiphocaris elongata,-26,8.6,0.2,0.8,SD,3,Xiphocaris,elongata
ID_0020,Shrimp medium,Xiphocaris elongata,-15.43,6.06,0.53,0.31,SD,5,Xiphocaris,elongata
ID_0020,Shrimp small,Xiphocaris elongata,-17.6,7.84,1.02,0.17,SD,5,Xiphocaris,elongata
ID_0293,Terrestrial plant,Zea mays,-10.63,,,,,1,Zea,mays
ID_0443,Emergent Macrophyte,ZiZaniopsis bonariensis,-27.41,25.28,0.33,0.14,SD,,ZiZaniopsis,bonariensis
ID_0520,Macrophyte,Zostera capricornii,-10,3.7,10,1.3,SD,12,Zostera,capricornii
ID_0342,Bulfrog adult,NA,-25.98,5.38,0.89,0.84,SD,5,Lithobates,catesbeianus
ID_0343,Bulfrog adult,NA,-25.75,5.59,1.8,0.62,SD,6,Lithobates,catesbeianus
ID_0344,Bulfrog adult,NA,-26.96,6.18,0.84,0.95,SD,3,Lithobates,catesbeianus
ID_0345,Bulfrog adult,NA,-29.77,4.68,2.06,1.09,SD,3,Lithobates,catesbeianus
ID_0346,Bulfrog adult,NA,-26.47,6.1,0.91,1.53,SD,5,Lithobates,catesbeianus
ID_0348,Bulfrog adult,NA,-28.61,5.77,NA,NA,NA,1,Lithobates,catesbeianus
ID_0342,Bulfrog tadpole,NA,-26.17,4.47,1.13,0.53,SD,4,Lithobates,catesbeianus
ID_0343,Bulfrog tadpole,NA,-23.56,2.14,0.27,0.33,SD,2,Lithobates,catesbeianus
ID_0344,Bulfrog tadpole,NA,-29.29,4.18,0.66,0.25,SD,4,Lithobates,catesbeianus
ID_0345,Bulfrog tadpole,NA,-26.22,3.49,0.59,0.39,SD,2,Lithobates,catesbeianus
ID_0346,Bulfrog tadpole,NA,-26.79,3.58,0.65,0.39,SD,3,Lithobates,catesbeianus
ID_0347,Bulfrog tadpole,NA,-32.33,6.85,2.47,0.27,SD,3,Lithobates,catesbeianus
ID_0348,Bulfrog tadpole,NA,-28.4,4.36,2.85,0.37,SD,3,Lithobates,catesbeianus