"","usageKey","Taxon","code","section","Parameter","Minimum Value","Maximum Value","Typical Value","Status","Notes"
"1","11712227","Cyprinus carpio",NA,NA,NA,NA,NA,NA,NA,NA
"2","2334177","Cottus asper",NA,NA,NA,NA,NA,NA,NA,NA
"3","2337607","Silurus glanis",NA,NA,NA,NA,NA,NA,NA,NA
"4","2340003","Pterygoplichthys disjunctivus",NA,NA,NA,NA,NA,NA,NA,NA
"5","2340966","Ameiurus platycephalus",NA,NA,NA,NA,NA,NA,NA,NA
"6","2340969","Ameiurus natalis",NA,NA,NA,NA,NA,NA,NA,NA
"7","2340972","Ameiurus catus",NA,NA,NA,NA,NA,NA,NA,NA
"8","2340977","Ameiurus melas",NA,NA,NA,NA,NA,NA,NA,NA
"9","2340984","Ameiurus brunneus",NA,NA,NA,NA,NA,NA,NA,NA
"10","2340989","Ameiurus nebulosus",NA,NA,NA,NA,NA,NA,NA,NA
"11","2341009","Noturus insignis",NA,NA,NA,NA,NA,NA,NA,NA
"12","2341033","Noturus flavus",NA,NA,NA,NA,NA,NA,NA,NA
"13","2341039","Noturus exilis",NA,NA,NA,NA,NA,NA,NA,NA
"14","2341077","Pylodictis olivaris",NA,NA,NA,NA,NA,NA,NA,NA
"15","2343735","Rhamdia quelen",NA,NA,NA,NA,NA,NA,NA,NA
"16","2346629","Esox niger",NA,NA,NA,NA,NA,NA,NA,NA
"17","2346633","Esox lucius",NA,NA,NA,NA,NA,NA,NA,NA
"18","2346634","Esox masquinongy",NA,NA,NA,NA,NA,NA,NA,NA
"19","2346698","Lepisosteus platyrhincus",NA,NA,NA,NA,NA,NA,NA,NA
"20","2346740","Lepisosteus platostomus",NA,NA,NA,NA,NA,NA,NA,NA
"21","2349567","Lucania parva",NA,NA,NA,NA,NA,NA,NA,NA
"22","2349968","Heterandria formosa",NA,NA,NA,NA,NA,NA,NA,NA
"23","2350050","Poecilia reticulata",NA,NA,NA,NA,NA,NA,NA,NA
"24","2350164","Xiphophorus maculatus",NA,NA,NA,NA,NA,NA,NA,NA
"25","2350570","Gambusia holbrooki",NA,NA,NA,NA,NA,NA,NA,NA
"26","2350580","Gambusia affinis",NA,NA,NA,NA,NA,NA,NA,NA
"27","2351006","Coregonus autumnalis",NA,NA,NA,NA,NA,NA,NA,NA
"28","2351092","Coregonus artedi",NA,NA,NA,NA,NA,NA,NA,NA
"29","2351119","Coregonus clupeaformis",NA,NA,NA,NA,NA,NA,NA,NA
"30","2351136","Coregonus peled",NA,NA,NA,NA,NA,NA,NA,NA
"31","2351211","Coregonus lavaretus",NA,NA,NA,NA,NA,NA,NA,NA
"32","2351244","Salvelinus confluentus",NA,NA,NA,NA,NA,NA,NA,NA
"33","2351271","Salvelinus fontinalis",NA,NA,NA,NA,NA,NA,NA,NA
"34","2351327","Salvelinus namaycush",NA,NA,NA,NA,NA,NA,NA,NA
"35","2351530","Prosopium williamsoni",NA,NA,NA,NA,NA,NA,NA,NA
"36","2351534","Prosopium cylindraceum",NA,NA,NA,NA,NA,NA,NA,NA
"37","2352479","Pygocentrus nattereri",NA,NA,NA,NA,NA,NA,NA,NA
"38","2353152","Colossoma macropomum",NA,NA,NA,NA,NA,NA,NA,NA
"39","2353225","Piaractus brachypomus",NA,NA,NA,NA,NA,NA,NA,NA
"40","2353507","Brycon hilarii",NA,NA,NA,NA,NA,NA,NA,NA
"41","2354121","Serrasalmus marginatus",NA,NA,NA,NA,NA,NA,NA,NA
"42","2356556","Culaea inconstans",NA,NA,NA,NA,NA,NA,NA,NA
"43","2358948","Carpiodes carpio",NA,NA,NA,NA,NA,NA,NA,NA
"44","2358988","Moxostoma congestum",NA,NA,NA,NA,NA,NA,NA,NA
"45","2359006","Moxostoma macrolepidotum",NA,NA,NA,NA,NA,NA,NA,NA
"46","2359014","Catostomus commersonii",NA,NA,NA,NA,NA,NA,NA,NA
"47","2359045","Catostomus tahoensis",NA,NA,NA,NA,NA,NA,NA,NA
"48","2359075","Ictiobus bubalus",NA,NA,NA,NA,NA,NA,NA,NA
"49","2359081","Ictiobus cyprinellus",NA,NA,NA,NA,NA,NA,NA,NA
"50","2359113","Agosia chrysogaster",NA,NA,NA,NA,NA,NA,NA,NA
"51","2359434","Acheilognathus rhombeus",NA,NA,NA,NA,NA,NA,NA,NA
"52","2359706","Rutilus rutilus",NA,NA,NA,NA,NA,NA,NA,NA
"53","2359791","Rhinichthys osculus",NA,NA,NA,NA,NA,NA,NA,NA
"54","2359811","Rhinichthys cataractae",NA,NA,NA,NA,NA,NA,NA,NA
"55","2359823","Rhinichthys atratulus",NA,NA,NA,NA,NA,NA,NA,NA
"56","2360064","Gila atraria",NA,NA,NA,NA,NA,NA,NA,NA
"57","2360128","Gila robusta",NA,NA,NA,NA,NA,NA,NA,NA
"58","2360481","Semotilus atromaculatus",NA,NA,NA,NA,NA,NA,NA,NA
"59","2360492","Semotilus corporalis",NA,NA,NA,NA,NA,NA,NA,NA
"60","2360842","Rhodeus amarus",NA,NA,NA,NA,NA,NA,NA,NA
"61","2360913","Mylocheilus caurinus",NA,NA,NA,NA,NA,NA,NA,NA
"62","2361250","Meda fulgida",NA,NA,NA,NA,NA,NA,NA,NA
"63","2361357","Campostoma anomalum",NA,NA,NA,NA,NA,NA,NA,NA
"64","2361987","Exoglossum maxillingua",NA,NA,NA,NA,NA,NA,NA,NA
"65","2362030","Ctenopharyngodon idella",NA,NA,NA,NA,NA,NA,NA,NA
"66","2362110","Mylopharyngodon piceus",NA,NA,NA,NA,NA,NA,NA,NA
"67","2362139","Notropis heterolepis",NA,NA,NA,NA,NA,NA,NA,NA
"68","2362170","Notropis atherinoides",NA,NA,NA,NA,NA,NA,NA,NA
"69","2362185","Notropis hudsonius",NA,NA,NA,NA,NA,NA,NA,NA
"70","2362216","Notropis stramineus",NA,NA,NA,NA,NA,NA,NA,NA
"71","2362319","Notropis lutipinnis",NA,NA,NA,NA,NA,NA,NA,NA
"72","2362399","Richardsonius balteatus",NA,NA,NA,NA,NA,NA,NA,NA
"73","2362460","Platygobio gracilis",NA,NA,NA,NA,NA,NA,NA,NA
"74","2362473","Hypophthalmichthys molitrix",NA,NA,NA,NA,NA,NA,NA,NA
"75","2362486","Hypophthalmichthys nobilis",NA,NA,NA,NA,NA,NA,NA,NA
"76","2362524","Tinca tinca",NA,NA,NA,NA,NA,NA,NA,NA
"77","2362635","Scardinius erythrophthalmus",NA,NA,NA,NA,NA,NA,NA,NA
"78","2362868","Pseudorasbora parva",NA,NA,NA,NA,NA,NA,NA,NA
"79","2362881","Leucaspius delineatus",NA,NA,NA,NA,NA,NA,NA,NA
"80","2362925","Alburnus alburnus",NA,NA,NA,NA,NA,NA,NA,NA
"81","2363714","Notemigonus crysoleucas",NA,NA,NA,NA,NA,NA,NA,NA
"82","2363786","Yuriria alta",NA,NA,NA,NA,NA,NA,NA,NA
"83","2364391","Hybognathus placitus",NA,NA,NA,NA,NA,NA,NA,NA
"84","2364394","Hybognathus hankinsoni",NA,NA,NA,NA,NA,NA,NA,NA
"85","2364402","Hybognathus regius",NA,NA,NA,NA,NA,NA,NA,NA
"86","2364662","Biwia zezera",NA,NA,NA,NA,NA,NA,NA,NA
"87","2365385","Chrosomus eos",NA,NA,NA,NA,NA,NA,NA,NA
"88","2365439","Nocomis leptocephalus",NA,NA,NA,NA,NA,NA,NA,NA
"89","2365443","Nocomis biguttatus",NA,NA,NA,NA,NA,NA,NA,NA
"90","2366298","Gnathopogon elongatus",NA,NA,NA,NA,NA,NA,NA,NA
"91","2366615","Notropis dorsalis",NA,NA,NA,NA,NA,NA,NA,NA
"92","2366634","Carassius gibelio",NA,NA,NA,NA,NA,NA,NA,NA
"93","2366645","Carassius carassius",NA,NA,NA,NA,NA,NA,NA,NA
"94","2366967","Luxilus cornutus",NA,NA,NA,NA,NA,NA,NA,NA
"95","2366993","Luxilus chrysocephalus",NA,NA,NA,NA,NA,NA,NA,NA
"96","2367280","Hemiculter leucisculus",NA,NA,NA,NA,NA,NA,NA,NA
"97","2367733","Pimephales vigilax",NA,NA,NA,NA,NA,NA,NA,NA
"98","2367736","Pimephales notatus",NA,NA,NA,NA,NA,NA,NA,NA
"99","2367742","Pimephales promelas",NA,NA,NA,NA,NA,NA,NA,NA
"100","2370027","Amatitlania nigrofasciata",NA,NA,NA,NA,NA,NA,NA,NA
"101","2370240","Astronotus crassipinnis",NA,NA,NA,NA,NA,NA,NA,NA
"102","2370703","Coptodon zillii",NA,NA,NA,NA,NA,NA,NA,NA
"103","2372285","Oreochromis karongae",NA,NA,NA,NA,NA,NA,NA,NA
"104","2372367","Oreochromis aureus",NA,NA,NA,NA,NA,NA,NA,NA
"105","2372381","Oreochromis leucostictus",NA,NA,NA,NA,NA,NA,NA,NA
"106","2372396","Oreochromis mossambicus",NA,NA,NA,NA,NA,NA,NA,NA
"107","2372521","Otopharynx lithobates",NA,NA,NA,NA,NA,NA,NA,NA
"108","2373136","Herichthys cyanoguttatus",NA,NA,NA,NA,NA,NA,NA,NA
"109","2374606","Amniataba percoides",NA,NA,NA,NA,NA,NA,NA,NA
"110","2376461","Tridentiger bifasciatus",NA,NA,NA,NA,NA,NA,NA,NA
"111","2379089","Neogobius melanostomus",NA,NA,NA,NA,NA,NA,NA,NA
"112","2382004","Perca flavescens",NA,NA,NA,NA,NA,NA,NA,NA
"113","2382032","Percina nigrofasciata",NA,NA,NA,NA,NA,NA,NA,NA
"114","2382103","Percina caprodes",NA,NA,NA,NA,NA,NA,NA,NA
"115","2382155","Sander lucioperca",NA,NA,NA,NA,NA,NA,NA,NA
"116","2382172","Sander vitreus",NA,NA,NA,NA,NA,NA,NA,NA
"117","2382257","Etheostoma olmstedi",NA,NA,NA,NA,NA,NA,NA,NA
"118","2382319","Etheostoma nigrum",NA,NA,NA,NA,NA,NA,NA,NA
"119","2382341","Etheostoma caeruleum",NA,NA,NA,NA,NA,NA,NA,NA
"120","2382365","Etheostoma zonale",NA,NA,NA,NA,NA,NA,NA,NA
"121","2382377","Etheostoma exile",NA,NA,NA,NA,NA,NA,NA,NA
"122","2382397","Etheostoma blennioides",NA,NA,NA,NA,NA,NA,NA,NA
"123","2391455","Channa micropeltes",NA,NA,NA,NA,NA,NA,NA,NA
"124","2391579","Anabas testudineus",NA,NA,NA,NA,NA,NA,NA,NA
"125","2393184","Lates niloticus",NA,NA,NA,NA,NA,NA,NA,NA
"126","2394154","Osphronemus goramy",NA,NA,NA,NA,NA,NA,NA,NA
"127","2394479","Archoplites interruptus",NA,NA,NA,NA,NA,NA,NA,NA
"128","2394483","Lepomis humilis",NA,NA,NA,NA,NA,NA,NA,NA
"129","2394486","Lepomis gibbosus",NA,NA,NA,NA,NA,NA,NA,NA
"130","2394491","Lepomis auritus",NA,NA,NA,NA,NA,NA,NA,NA
"131","2394494","Lepomis cyanellus",NA,NA,NA,NA,NA,NA,NA,NA
"132","2394501","Lepomis microlophus",NA,NA,NA,NA,NA,NA,NA,NA
"133","2394503","Lepomis macrochirus",NA,NA,NA,NA,NA,NA,NA,NA
"134","2394507","Lepomis gulosus",NA,NA,NA,NA,NA,NA,NA,NA
"135","2394510","Lepomis megalotis",NA,NA,NA,NA,NA,NA,NA,NA
"136","2394514","Ambloplites rupestris",NA,NA,NA,NA,NA,NA,NA,NA
"137","2394526","Pomoxis nigromaculatus",NA,NA,NA,NA,NA,NA,NA,NA
"138","2394534","Pomoxis annularis",NA,NA,NA,NA,NA,NA,NA,NA
"139","2394563","Micropterus salmoides",NA,NA,NA,NA,NA,NA,NA,NA
"140","2394598","Morone chrysops",NA,NA,NA,NA,NA,NA,NA,NA
"141","2394604","Morone americana",NA,NA,NA,NA,NA,NA,NA,NA
"142","2394610","Morone mississippiensis",NA,NA,NA,NA,NA,NA,NA,NA
"143","2394612","Morone saxatilis",NA,NA,NA,NA,NA,NA,NA,NA
"144","2399821","Plagioscion squamosissimus",NA,NA,NA,NA,NA,NA,NA,NA
"145","2400265","Aplodinotus grunniens",NA,NA,NA,NA,NA,NA,NA,NA
"146","2401709","Percopsis omiscomaycus",NA,NA,NA,NA,NA,NA,NA,NA
"147","2401749","Aphredoderus sayanus",NA,NA,NA,NA,NA,NA,NA,NA
"148","2402231","Scleropages formosus",NA,NA,NA,NA,NA,NA,NA,NA
"149","2402260","Chitala ornata",NA,NA,NA,NA,NA,NA,NA,NA
"150","2402318","Hiodon tergisus",NA,NA,NA,NA,NA,NA,NA,NA
"151","2412295","Menidia beryllina",NA,NA,NA,NA,NA,NA,NA,NA
"152","2412370","Odontesthes bonariensis",NA,NA,NA,NA,NA,NA,NA,NA
"153","2415460","Lota lota",NA,NA,NA,NA,NA,NA,NA,NA
"154","4283983","Osmerus mordax",NA,NA,NA,NA,NA,NA,NA,NA
"155","4284019","Salvelinus leucomaenis",NA,NA,NA,NA,NA,NA,NA,NA
"156","4284021","Salvelinus alpinus",NA,NA,NA,NA,NA,NA,NA,NA
"157","4284046","Esox americanus",NA,NA,NA,NA,NA,NA,NA,NA
"158","4285694","Oreochromis niloticus",NA,NA,NA,NA,NA,NA,NA,NA
"159","4286327","Gasterosteus aculeatus",NA,NA,NA,NA,NA,NA,NA,NA
"160","4286867","Catostomus occidentalis",NA,NA,NA,NA,NA,NA,NA,NA
"161","4286868","Catostomus catostomus",NA,NA,NA,NA,NA,NA,NA,NA
"162","4286934","Rhodeus ocellatus",NA,NA,NA,NA,NA,NA,NA,NA
"163","4286942","Carassius auratus",NA,NA,NA,NA,NA,NA,NA,NA
"164","4286975","Cyprinus carpio",NA,NA,NA,NA,NA,NA,NA,NA
"165","4287011","Rhinichthys osculus",NA,NA,NA,NA,NA,NA,NA,NA
"166","4287014","Rhinichthys osculus",NA,NA,NA,NA,NA,NA,NA,NA
"167","4409653","Phoxinus phoxinus",NA,NA,NA,NA,NA,NA,NA,NA
"168","5202520","Ictalurus punctatus",NA,NA,NA,NA,NA,NA,NA,NA
"169","5202525","Ictalurus furcatus",NA,NA,NA,NA,NA,NA,NA,NA
"170","5202793","Clarias gariepinus",NA,NA,NA,NA,NA,NA,NA,NA
"171","5203110","Umbra limi",NA,NA,NA,NA,NA,NA,NA,NA
"172","5203644","Fundulus zebrinus",NA,NA,NA,NA,NA,NA,NA,NA
"173","5203686","Fundulus grandis",NA,NA,NA,NA,NA,NA,NA,NA
"174","5203702","Fundulus seminolis",NA,NA,NA,NA,NA,NA,NA,NA
"175","5203752","Poecilia latipinna",NA,NA,NA,NA,NA,NA,NA,NA
"176","5204019","Oncorhynchus mykiss",NA,NA,NA,NA,NA,NA,NA,NA
"177","5204024","Oncorhynchus tshawytscha",NA,NA,NA,NA,NA,NA,NA,NA
"178","5204034","Oncorhynchus kisutch",NA,NA,NA,NA,NA,NA,NA,NA
"179","5204039","Oncorhynchus nerka",NA,NA,NA,NA,NA,NA,NA,NA
"180","5204344","Astyanax mexicanus",NA,NA,NA,NA,NA,NA,NA,NA
"181","5204681","Apeltes quadracus",NA,NA,NA,NA,NA,NA,NA,NA
"182","5205694","Ptychocheilus grandis",NA,NA,NA,NA,NA,NA,NA,NA
"183","5206304","Abbottina rivularis",NA,NA,NA,NA,NA,NA,NA,NA
"184","5207640","Cyprinella venusta",NA,NA,NA,NA,NA,NA,NA,NA
"185","5207666","Cyprinella lutrensis",NA,NA,NA,NA,NA,NA,NA,NA
"186","5208130","Petenia splendida",NA,NA,NA,NA,NA,NA,NA,NA
"187","5208154","Cichla monoculus",NA,NA,NA,NA,NA,NA,NA,NA
"188","5208202","Parachromis managuensis",NA,NA,NA,NA,NA,NA,NA,NA
"189","5208426","Geophagus proximus",NA,NA,NA,NA,NA,NA,NA,NA
"190","5208430","Geophagus altifrons",NA,NA,NA,NA,NA,NA,NA,NA
"191","5209574","Gymnocephalus cernua",NA,NA,NA,NA,NA,NA,NA,NA
"192","5211245","Micropterus punctulatus",NA,NA,NA,NA,NA,NA,NA,NA
"193","5211250","Micropterus dolomieu",NA,NA,NA,NA,NA,NA,NA,NA
"194","5212833","Polyodon spathula",NA,NA,NA,NA,NA,NA,NA,NA
"195","5212877","Arapaima gigas",NA,NA,NA,NA,NA,NA,NA,NA
"196","5212956","Anguilla rostrata",NA,NA,NA,NA,NA,NA,NA,NA
"197","5711979","Oncorhynchus masou",NA,NA,NA,NA,NA,NA,NA,NA
"198","5711980","Oncorhynchus clarkii",NA,NA,NA,NA,NA,NA,NA,NA
"199","5711983","Oncorhynchus clarkii",NA,NA,NA,NA,NA,NA,NA,NA
"200","5711989","Oncorhynchus clarkii",NA,NA,NA,NA,NA,NA,NA,NA
"201","5711995","Oncorhynchus mykiss",NA,NA,NA,NA,NA,NA,NA,NA
"202","5712054","Fundulus diaphanus",NA,NA,NA,NA,NA,NA,NA,NA
"203","5722956","Oncorhynchus clarkii",NA,NA,NA,NA,NA,NA,NA,NA
"204","5739510","Pungitius pungitius",NA,NA,NA,NA,NA,NA,NA,NA
"205","5739539","Barbus barbus",NA,NA,NA,NA,NA,NA,NA,NA
"206","5851603","Leuciscus aspius",NA,NA,NA,NA,NA,NA,NA,NA
"207","5853893","Oncorhynchus clarkii",NA,NA,NA,NA,NA,NA,NA,NA
"208","6166844","Richardsonius balteatus",NA,NA,NA,NA,NA,NA,NA,NA
"209","6167920","Esox americanus",NA,NA,NA,NA,NA,NA,NA,NA
"210","6167921","Esox americanus",NA,NA,NA,NA,NA,NA,NA,NA
"211","6169634","Salmo salar",NA,NA,NA,NA,NA,NA,NA,NA
"212","7193435","Fundulus diaphanus",NA,NA,NA,NA,NA,NA,NA,NA
"213","7595433","Salmo salar",NA,NA,NA,NA,NA,NA,NA,NA
"214","8140485","Perca fluviatilis",NA,NA,NA,NA,NA,NA,NA,NA
"215","8197854","Siphateles bicolor",NA,NA,NA,NA,NA,NA,NA,NA
"216","8215487","Salmo trutta",NA,NA,NA,NA,NA,NA,NA,NA
"217","8732936","Cyprinus carpio",NA,NA,NA,NA,NA,NA,NA,NA
"218","8868046","Oncorhynchus clarkii",NA,NA,NA,NA,NA,NA,NA,NA
"219","9107781","Salmo trutta",NA,NA,NA,NA,NA,NA,NA,NA
"220","9312593","Coptodon rendalli",NA,NA,NA,NA,NA,NA,NA,NA
"221","9321404","Trichromis salvini",NA,NA,NA,NA,NA,NA,NA,NA
"222","9421396","Siphateles bicolor",NA,NA,NA,NA,NA,NA,NA,NA
"223","9450405","Siphateles bicolor",NA,NA,NA,NA,NA,NA,NA,NA
"224","9451360","Salvelinus alpinus",NA,NA,NA,NA,NA,NA,NA,NA
"225","9508387","Siphateles bicolor",NA,NA,NA,NA,NA,NA,NA,NA
"226","9552432","Pelmatolapia mariae",NA,NA,NA,NA,NA,NA,NA,NA
"227","9809222","Abramis brama",NA,NA,NA,NA,NA,NA,NA,NA
